ID,ddG,label,model_preds,is_train,fold
1,0.48,1,0.9842415,1,2
2,-0.99,0,0.004637003,1,2
3,-1.08,0,0.007900298,1,2
4,0.07,1,0.49069297,1,2
5,-1.11,0,0.0043807626,1,2
6,-1.35,0,0.0074691176,1,2
7,0.31,1,0.98845375,1,2
8,-3.81,0,1.4305115e-06,1,2
9,1.89,1,0.0,1,2
906,-0.48,0,0.015758455,1,2
907,0.99,1,0.995363,1,2
908,1.08,1,0.9920997,1,2
909,-0.07,1,0.509307,1,2
910,1.11,1,0.9956193,1,2
911,1.35,1,0.9925308,1,2
912,-0.31,0,0.011546195,1,2
913,3.81,1,0.99999857,1,2
914,-1.89,0,1.0,1,2
10,-2.49,0,4.684925e-05,1,2
11,-0.6,0,8.1539154e-05,1,2
12,-0.41,0,0.0025900006,1,2
13,-0.19,1,0.51220286,1,2
14,-1.91,0,9.536743e-07,1,2
15,-2.86,0,3.8266182e-05,1,2
16,-0.84,0,2.3841858e-06,1,2
17,-0.8,0,1.9073486e-06,1,2
18,-1.48,0,5.507469e-05,1,2
19,-0.07,1,0.47945303,1,2
20,0.17,1,0.52608544,1,2
21,-0.92,0,0.0057492256,1,2
22,-2.0,0,0.0034586787,1,2
23,-2.86,0,0.0003427267,1,2
24,-0.51,0,0.00082725286,1,2
25,-0.82,0,0.003345728,1,2
915,2.49,1,0.99996203,1,2
916,0.6,1,0.9999184,1,2
917,0.41,1,0.9974818,1,2
918,0.19,1,0.48779714,1,2
919,1.91,1,0.9999991,1,2
920,2.86,1,0.9999179,1,2
921,0.84,1,0.9999977,1,2
922,0.8,1,0.9999981,1,2
923,1.48,1,0.99994487,1,2
924,0.07,1,0.520547,1,2
925,-0.17,1,0.47391462,1,2
926,0.92,1,0.9942508,1,2
927,2.0,1,0.9965413,1,2
928,2.86,1,0.9996572,1,2
929,0.51,1,0.9991728,1,2
930,0.82,1,0.9966543,1,2
31,-0.82,0,3.9458275e-05,1,2
32,0.0,1,0.48579645,1,2
33,-2.76,0,0.00053566694,1,2
34,-3.69,0,0.00037443638,1,2
35,1.58,1,0.99828094,1,2
36,-0.79,0,2.9802322e-06,1,2
37,0.0,1,0.48056567,1,2
38,0.0,1,4.7683716e-07,1,2
39,-0.82,0,3.027916e-05,1,2
40,-3.69,0,0.0018483996,1,2
41,-0.41,0,4.4941902e-05,1,2
42,-0.41,0,0.00024706125,1,2
43,-0.65,0,0.00046420097,1,2
44,-3.69,0,5.9604645e-06,1,2
45,-1.42,0,0.00668025,1,2
46,0.76,1,0.9984147,1,2
47,0.0,1,0.46577954,1,2
48,0.0,1,0.4110505,1,2
49,-1.75,0,4.7683716e-06,1,2
50,-3.69,0,0.0012848377,1,2
51,0.39,1,0.97497654,1,2
52,0.22,1,0.9781763,1,2
53,-0.85,0,0.0002629161,1,2
54,-2.24,0,0.0007054806,1,2
55,-1.33,0,0.011523843,1,2
56,0.14,1,0.5205946,1,2
57,-4.44,0,2.7418137e-06,1,2
58,0.0,1,0.6211425,1,2
59,-0.82,0,0.00011241436,1,2
936,0.82,1,0.99996054,1,2
937,0.0,1,0.51420355,1,2
938,2.76,1,0.9994527,1,2
939,3.69,1,0.99955654,1,2
940,-1.58,0,0.001718998,1,2
941,0.79,1,0.99999726,1,2
942,0.0,1,0.51943433,1,2
943,0.0,1,0.99999946,1,2
944,0.82,1,0.9999697,1,2
945,3.69,1,0.99815166,1,2
946,0.41,1,0.9999551,1,2
947,0.41,1,0.99975294,1,2
948,0.65,1,0.99953574,1,2
949,3.69,1,0.99999404,1,2
950,1.42,1,0.99331975,1,2
951,-0.76,0,0.0015853643,1,2
952,0.0,1,0.53422046,1,2
953,0.0,1,0.58894944,1,2
954,1.75,1,0.9999951,1,2
955,3.69,1,0.9987151,1,2
956,-0.39,0,0.02502352,1,2
957,-0.22,0,0.021823704,1,2
958,0.85,1,0.99973613,1,2
959,2.24,1,0.9992946,1,2
960,1.33,1,0.98847616,1,2
961,-0.14,1,0.4794054,1,2
962,4.44,1,0.99999726,1,2
963,0.0,1,0.37885755,1,2
964,0.82,1,0.99988765,1,2
80,-1.3,0,0.00013804436,1,2
81,-2.0,0,0.0026764274,1,2
82,-6.1,0,0.00024360418,1,2
83,-3.5,0,0.0019471645,1,2
84,-1.5,0,0.000118136406,1,2
85,-0.6,0,0.007988393,1,2
86,-2.0,0,0.0012458563,1,2
87,-4.1,0,0.001160562,1,2
88,-1.3,0,0.0022441745,1,2
89,-0.8,0,0.00029450655,1,2
90,-1.4,0,0.0065616965,1,2
91,-0.8,0,0.033851326,1,2
92,-0.8,0,0.0033078194,1,2
93,-1.3,0,0.00013041496,1,2
94,-4.9,0,0.00016987324,1,2
95,-3.3,0,1.680851e-05,1,2
96,-5.5,0,0.0,1,2
97,-6.9,0,5.376339e-05,1,2
98,-1.2,0,1.1920929e-07,1,2
99,-2.7,0,9.775162e-06,1,2
100,-1.1,0,2.3841858e-07,1,2
985,1.3,1,0.9998619,1,2
986,2.0,1,0.9973236,1,2
987,6.1,1,0.99975634,1,2
988,3.5,1,0.99805284,1,2
989,1.5,1,0.99988186,1,2
990,0.6,1,0.99201167,1,2
991,2.0,1,0.99875414,1,2
992,4.1,1,0.9988394,1,2
993,1.3,1,0.9974225,1,2
994,0.8,1,0.9997055,1,2
995,1.4,1,0.9934383,1,2
996,0.8,1,0.96614873,1,2
997,0.8,1,0.9966922,1,2
998,1.3,1,0.9998696,1,2
999,4.9,1,0.9998301,1,2
1000,3.3,1,0.99998313,1,2
1001,5.5,1,1.0,1,2
1002,6.9,1,0.99994624,1,2
1003,1.2,1,0.9999999,1,2
1004,2.7,1,0.9999902,1,2
1005,1.1,1,0.9999998,1,2
126,-0.06,1,0.4691953,1,2
127,0.0,1,0.48478544,1,2
128,-3.14,0,0.007930756,1,2
129,-5.27,0,0.0009275675,1,2
130,-1.53,0,0.0022376776,1,2
131,-1.43,0,0.0057362914,1,2
132,0.0,1,0.45185775,1,2
133,-0.61,0,0.005937159,1,2
134,-0.41,0,0.0104391575,1,2
1031,0.06,1,0.5308047,1,2
1032,0.0,1,0.5152146,1,2
1033,3.14,1,0.99206924,1,2
1034,5.27,1,0.9990725,1,2
1035,1.53,1,0.9977623,1,2
1036,1.43,1,0.9942637,1,2
1037,0.0,1,0.5481423,1,2
1038,0.61,1,0.99406284,1,2
1039,0.41,1,0.98956084,1,2
135,-0.27,0,0.0021560192,1,2
136,-0.39,0,0.0016491413,1,2
137,-1.26,0,0.0030618906,1,2
138,-3.48,0,0.0016262531,1,2
139,-2.36,0,0.005243778,1,2
140,-0.24,0,0.002576232,1,2
141,-3.77,0,0.011213422,1,2
1040,0.27,1,0.997844,1,2
1041,0.39,1,0.99835086,1,2
1042,1.26,1,0.99693805,1,2
1043,3.48,1,0.99837375,1,2
1044,2.36,1,0.9947562,1,2
1045,0.24,1,0.9974238,1,2
1046,3.77,1,0.9887866,1,2
142,-0.09,1,0.50343895,1,2
143,-0.05,1,0.46621048,1,2
144,-0.71,0,0.006511688,1,2
145,-0.82,0,0.010653913,1,2
146,-1.26,0,0.011701465,1,2
147,-0.56,0,0.014693141,1,2
148,0.32,1,0.98968834,1,2
149,-1.13,0,0.002321422,1,2
150,-0.71,0,0.004727304,1,2
1047,0.09,1,0.49656105,1,2
1048,0.05,1,0.5337895,1,2
1049,0.71,1,0.99348825,1,2
1050,0.82,1,0.989346,1,2
1051,1.26,1,0.98829854,1,2
1052,0.56,1,0.9853069,1,2
1053,-0.32,0,0.010311663,1,2
1054,1.13,1,0.9976786,1,2
1055,0.71,1,0.99527264,1,2
151,-1.89,0,5.185604e-05,1,2
152,-1.67,0,0.0012115836,1,2
153,-1.85,0,0.00022405386,1,2
154,-0.43,0,0.038318217,1,2
155,-0.11,1,0.43341148,1,2
156,0.43,1,0.99145097,1,2
157,3.79,1,0.9991149,1,2
158,-0.54,0,0.008227885,1,2
159,0.0,1,0.29594046,1,2
160,-4.53,0,6.020069e-05,1,2
161,-1.7,0,0.00030851364,1,2
162,-3.58,0,0.00025361776,1,2
163,-3.29,0,0.013277769,1,2
164,-2.98,0,7.915497e-05,1,2
165,-4.91,0,0.0044368505,1,2
166,0.04,1,0.47325855,1,2
167,0.29,1,6.0796738e-06,1,2
168,-0.36,0,0.0076209307,1,2
169,-3.89,0,0.00070261955,1,2
170,0.4,1,0.99621546,1,2
171,-0.54,0,0.0011652112,1,2
172,0.25,1,0.99432766,1,2
173,-0.3,0,0.0045542717,1,2
174,0.65,1,0.9871901,1,2
175,0.02,1,0.49098516,1,2
176,-0.39,0,0.00025767088,1,2
177,-1.88,0,0.0068693757,1,2
178,-2.69,0,0.0,1,2
179,-2.42,0,0.002022922,1,2
180,0.66,1,0.9849083,1,2
181,-0.02,1,0.535118,1,2
182,-4.53,0,3.4809113e-05,1,2
183,-1.11,0,0.003954351,1,2
184,-1.14,0,0.0063097477,1,2
185,-2.82,0,5.364418e-06,1,2
186,-1.67,0,0.0029206276,1,2
187,-1.43,0,0.00019198656,1,2
188,-1.26,0,9.024143e-05,1,2
189,-1.06,0,0.009007156,1,2
190,-3.4,0,4.7683716e-07,1,2
191,-0.79,0,0.0074954033,1,2
192,-1.11,0,0.0016289353,1,2
193,-0.58,0,1.1920929e-07,1,2
1056,1.89,1,0.9999482,1,2
1057,1.67,1,0.9987884,1,2
1058,1.85,1,0.999776,1,2
1059,0.43,1,0.9616818,1,2
1060,0.11,1,0.5665885,1,2
1061,-0.43,0,0.008549035,1,2
1062,-3.79,0,0.00088506937,1,2
1063,0.54,1,0.99177206,1,2
1064,0.0,1,0.7040595,1,2
1065,4.53,1,0.9999306,1,2
1066,1.7,1,0.99969155,1,2
1067,3.58,1,0.9997463,1,2
1068,3.29,1,0.98672223,1,2
1069,2.98,1,0.99992085,1,2
1070,4.91,1,0.99556315,1,2
1071,-0.04,1,0.52674145,1,2
1072,-0.29,0,0.99999386,1,2
1073,0.36,1,0.99237907,1,2
1074,3.89,1,0.9992974,1,2
1075,-0.4,0,0.003784597,1,2
1076,0.54,1,0.9988347,1,2
1077,-0.25,0,0.005672276,1,2
1078,0.3,1,0.99544567,1,2
1079,-0.65,0,0.012809813,1,2
1080,-0.02,1,0.5090148,1,2
1081,0.39,1,0.9997423,1,2
1082,1.88,1,0.9931306,1,2
1083,2.69,1,0.99999994,1,2
1084,2.42,1,0.997977,1,2
1085,-0.66,0,0.015091658,1,2
1086,0.02,1,0.46488196,1,2
1087,4.53,1,0.99996525,1,2
1088,1.11,1,0.99604565,1,2
1089,1.14,1,0.99369025,1,2
1090,2.82,1,0.99999464,1,2
1091,1.67,1,0.9970794,1,2
1092,1.43,1,0.99980795,1,2
1093,1.26,1,0.9999098,1,2
1094,1.06,1,0.9909928,1,2
1095,3.4,1,0.9999996,1,2
1096,0.79,1,0.9925046,1,2
1097,1.11,1,0.9983711,1,2
1098,0.58,1,0.9999998,1,2
194,-1.98,0,0.0059847236,1,2
195,-0.82,0,0.012546182,1,2
196,-0.56,0,9.3340874e-05,1,2
197,-0.5,0,0.00057673454,1,2
198,-1.32,0,1.13248825e-05,1,2
1099,1.98,1,0.9940152,1,2
1100,0.82,1,0.9874538,1,2
1101,0.56,1,0.9999066,1,2
1102,0.5,1,0.9994232,1,2
1103,1.32,1,0.9999887,1,2
199,0.8,1,0.9999981,1,2
1104,-0.8,0,1.9073486e-06,1,2
200,2.49,1,0.999947,1,2
1105,-2.49,0,5.2928925e-05,1,2
202,-0.9,0,0.00014543533,1,2
203,-1.4,0,0.0020412207,1,2
204,-1.7,0,0.0066863894,1,2
205,-1.4,0,0.00025314093,1,2
206,-1.7,0,0.006715536,1,2
207,-1.3,0,0.00025230646,1,2
208,-1.0,0,0.00023108721,1,2
209,-0.9,0,0.0026401877,1,2
210,-2.9,0,3.5762787e-06,1,2
211,-0.4,0,0.0014025569,1,2
212,-0.5,0,7.4863434e-05,1,2
213,-1.9,0,4.172325e-06,1,2
214,-1.2,0,0.00042837858,1,2
215,-1.9,0,0.007517755,1,2
216,-0.8,0,0.008416176,1,2
217,-0.3,0,0.0059061646,1,2
218,-0.5,0,6.1154366e-05,1,2
219,-0.4,0,1.50203705e-05,1,2
220,-3.7,0,0.00074869394,1,2
221,-1.3,0,0.00090157986,1,2
222,-0.7,0,0.01085633,1,2
223,-0.5,0,0.004484713,1,2
1107,0.9,1,0.99985456,1,2
1108,1.4,1,0.99762154,1,2
1109,1.7,1,0.99333465,1,2
1110,1.4,1,0.9997469,1,2
1111,1.7,1,0.99328446,1,2
1112,1.3,1,0.99974763,1,2
1113,1.0,1,0.9997689,1,2
1114,0.9,1,0.9973598,1,2
1115,2.9,1,0.9999965,1,2
1116,0.4,1,0.9985975,1,2
1117,0.5,1,0.99992514,1,2
1118,1.9,1,0.9999958,1,2
1119,1.2,1,0.99957156,1,2
1120,1.9,1,0.99248224,1,2
1121,0.8,1,0.9915839,1,2
1122,0.3,1,0.9940938,1,2
1123,0.5,1,0.99993885,1,2
1124,0.4,1,0.99998504,1,2
1125,3.7,1,0.9992513,1,2
1126,1.3,1,0.9990984,1,2
1127,0.7,1,0.9891437,1,2
1128,0.5,1,0.9955153,1,2
224,0.0,1,0.44633347,1,2
225,-0.76,0,0.0005480647,1,2
226,-0.57,0,0.000890553,1,2
227,-2.73,0,0.0,1,2
228,-0.1,1,3.5762787e-07,1,2
229,-0.56,0,0.0010632873,1,2
230,-0.51,0,1.1920929e-07,1,2
231,-1.26,0,0.002352059,1,2
232,-0.68,0,0.0048929453,1,2
233,-1.36,0,4.1365623e-05,1,2
234,-1.17,0,7.7843666e-05,1,2
235,0.0,1,0.9122386,1,2
236,-1.58,0,0.003487289,1,2
237,-0.51,0,0.0032509565,1,2
238,-1.17,0,2.9325485e-05,1,2
239,-1.12,0,0.00084388256,1,2
240,-1.26,0,0.0003232956,1,2
241,0.12,1,0.5051247,1,2
242,0.16,1,0.4649434,1,2
243,0.07,1,0.5680265,1,2
244,0.16,1,0.41826105,1,2
245,0.12,1,0.48700887,1,2
246,-0.71,0,0.0046727657,1,2
247,-0.93,0,0.005043924,1,2
248,-1.91,0,0.0006595254,1,2
249,-1.05,0,0.000297606,1,2
250,-1.58,0,1.6450882e-05,1,2
251,-1.91,0,0.0017937422,1,2
252,-0.5,0,0.0048930645,1,2
253,0.18,1,0.5464853,1,2
254,-0.66,0,0.0038134456,1,2
255,-0.85,0,1.1920929e-05,1,2
256,0.1,1,0.45813596,1,2
257,-1.31,0,0.00072461367,1,2
258,-1.58,0,0.0035978556,1,2
259,-2.73,0,0.017124534,1,2
260,-2.08,0,0.0,1,2
261,0.07,1,0.5282053,1,2
262,0.67,1,0.9838058,1,2
263,-1.78,0,0.0020445585,1,2
264,-2.73,0,0.0006713867,1,2
265,-2.32,0,0.009884298,1,2
266,-2.73,0,0.00082850456,1,2
267,-0.43,0,0.0013214946,1,2
268,0.26,1,0.0012221932,1,2
269,-2.08,0,9.10759e-05,1,2
270,-2.08,0,0.00018912554,1,2
271,-2.08,0,1.7881393e-05,1,2
272,-0.82,0,0.00024861097,1,2
273,-0.54,0,0.008613825,1,2
1129,0.0,1,0.55366653,1,2
1130,0.76,1,0.999452,1,2
1131,0.57,1,0.99910945,1,2
1132,2.73,1,0.99999994,1,2
1133,0.1,1,0.99999964,1,2
1134,0.56,1,0.99893665,1,2
1135,0.51,1,0.9999999,1,2
1136,1.26,1,0.99761325,1,2
1137,0.68,1,0.99563295,1,2
1138,1.36,1,0.9999642,1,2
1139,1.17,1,0.999954,1,2
1140,0.0,1,0.92999715,1,2
1141,1.58,1,0.99970704,1,2
1142,0.51,1,0.99664956,1,2
1143,1.17,1,0.9999707,1,2
1144,1.12,1,0.99915236,1,2
1145,1.26,1,0.9996767,1,2
1146,-0.12,1,0.4948753,1,2
1147,-0.16,1,0.5350566,1,2
1148,-0.07,1,0.43197352,1,2
1149,-0.16,1,0.58173895,1,2
1150,-0.12,1,0.51299113,1,2
1151,0.71,1,0.9953273,1,2
1152,0.93,1,0.9949561,1,2
1153,1.91,1,0.99934053,1,2
1154,1.05,1,0.9997024,1,2
1155,1.58,1,0.9999836,1,2
1156,1.91,1,0.9982062,1,2
1157,0.5,1,0.99510694,1,2
1158,-0.18,1,0.4535147,1,2
1159,0.66,1,0.9961865,1,2
1160,0.85,1,0.9999881,1,2
1161,-0.1,1,0.54186404,1,2
1162,1.31,1,0.9992754,1,2
1163,1.58,1,0.9964022,1,2
1164,2.73,1,0.98287547,1,2
1165,2.08,1,1.0,1,2
1166,-0.07,1,0.47179472,1,2
1167,-0.67,0,0.016194224,1,2
1168,1.78,1,0.99795544,1,2
1169,2.73,1,0.9993286,1,2
1170,2.32,1,0.99011576,1,2
1171,2.73,1,0.9991715,1,2
1172,0.43,1,0.9986785,1,2
1173,-0.26,0,0.9987778,1,2
1174,2.08,1,0.9999089,1,2
1175,2.08,1,0.9998108,1,2
1176,2.08,1,0.9999821,1,2
1177,0.82,1,0.99975145,1,2
1178,0.54,1,0.9913861,1,2
274,-0.02,1,0.525778,1,2
275,0.85,1,0.99598724,1,2
276,0.0,1,0.9998516,1,2
277,1.25,1,0.00034463406,1,2
278,0.38,1,0.9938518,1,2
279,0.49,1,0.99788463,1,2
280,0.15,1,0.51301515,1,2
281,-0.45,0,0.000103116035,1,2
282,-0.53,0,0.0024020076,1,2
283,-0.13,1,0.488024,1,2
284,0.56,1,0.99578565,1,2
1179,0.02,1,0.474222,1,2
1180,-0.85,0,0.0035731196,1,2
1181,0.0,1,0.00014841557,1,2
1182,-1.25,0,0.9996553,1,2
1183,-0.38,0,0.006148219,1,2
1184,-0.49,0,0.0021153092,1,2
1185,-0.15,1,0.4869848,1,2
1186,0.45,1,0.9998968,1,2
1187,0.53,1,0.99759805,1,2
1188,0.13,1,0.511976,1,2
1189,-0.56,0,0.0042143464,1,2
285,-0.25,0,9.536743e-07,1,2
286,-1.21,0,1.0848045e-05,1,2
287,0.69,1,0.99999213,1,2
288,0.28,1,0.987683,1,2
289,-0.04,1,0.12767488,1,2
290,-1.17,0,0.010461271,1,2
291,-1.21,0,0.01693517,1,2
292,0.2,1,0.4669565,1,2
293,-0.61,0,0.014180779,1,2
294,0.02,1,0.45985532,1,2
295,0.15,1,0.49107683,1,2
296,-1.12,0,0.008288503,1,2
297,-0.06,1,0.5312444,1,2
298,-2.93,0,5.6743622e-05,1,2
299,-1.78,0,0.0065830946,1,2
300,-0.22,0,0.007086575,1,2
301,-0.03,1,0.6515422,1,2
302,0.07,1,0.5331763,1,2
303,0.31,1,0.9920398,1,2
304,-0.38,0,0.00028520823,1,2
305,-0.78,0,0.0106287,1,2
306,-0.8,0,0.0023419857,1,2
307,-0.82,0,0.0026460886,1,2
308,0.12,1,0.49345988,1,2
309,-0.31,0,0.031059086,1,2
310,-0.01,1,0.48969102,1,2
311,-0.39,0,0.0067539215,1,2
312,-0.22,0,0.0011119246,1,2
313,0.09,1,0.41393375,1,2
314,-0.23,0,4.041195e-05,1,2
315,-0.87,0,0.0042518973,1,2
316,-1.05,0,0.00092089176,1,2
317,-1.36,0,0.0017051101,1,2
318,0.21,1,0.52727675,1,2
1190,0.25,1,0.99999905,1,2
1191,1.21,1,0.9999892,1,2
1192,-0.69,0,7.867813e-06,1,2
1193,-0.28,0,0.012317002,1,2
1194,0.04,1,0.8723251,1,2
1195,1.17,1,0.9895387,1,2
1196,1.21,1,0.98306483,1,2
1197,-0.2,1,0.5330435,1,2
1198,0.61,1,0.9858192,1,2
1199,-0.02,1,0.5401447,1,2
1200,-0.15,1,0.5089232,1,2
1201,1.12,1,0.9917115,1,2
1202,0.06,1,0.4687556,1,2
1203,2.93,1,0.99994326,1,2
1204,1.78,1,0.99341685,1,2
1205,0.22,1,0.9921629,1,2
1206,0.03,1,0.34845775,1,2
1207,-0.07,1,0.4668237,1,2
1208,-0.31,0,0.0079602,1,2
1209,0.38,1,0.9995917,1,2
1210,0.78,1,0.9893713,1,2
1211,0.8,1,0.9976581,1,2
1212,0.82,1,0.99822295,1,2
1213,-0.12,1,0.50460124,1,2
1214,0.31,1,0.9698799,1,2
1215,0.01,1,0.51030904,1,2
1216,0.39,1,0.99324614,1,2
1217,0.22,1,0.998888,1,2
1218,-0.09,1,0.58606625,1,2
1219,0.23,1,0.9999596,1,2
1220,0.87,1,0.99574804,1,2
1221,1.05,1,0.9990791,1,2
1222,1.36,1,0.9982949,1,2
1223,-0.21,1,0.47272325,1,2
319,-0.71,0,0.0040183067,1,2
320,-0.41,0,0.005625367,1,2
321,0.0,1,0.5253521,1,2
322,-0.54,0,0.0018615723,1,2
1224,0.71,1,0.9959817,1,2
1225,0.41,1,0.9943746,1,2
1226,0.0,1,0.47464788,1,2
1227,0.54,1,0.9981384,1,2
323,-2.95,0,0.00013172626,1,2
324,-2.95,0,0.0071774125,1,2
325,-0.9,0,0.004676044,1,2
326,0.02,1,0.4822399,1,2
327,-0.18,1,0.9999997,1,2
328,-1.42,0,0.0025111437,1,2
329,-2.14,0,1.4305115e-05,1,2
330,-0.47,0,0.009190202,1,2
1228,2.95,1,0.9998683,1,2
1229,2.95,1,0.9928226,1,2
1230,0.9,1,0.9953239,1,2
1231,-0.02,1,0.51776004,1,2
1232,0.18,1,2.3841858e-07,1,2
1233,1.42,1,0.9974888,1,2
1234,2.14,1,0.9999857,1,2
1235,0.47,1,0.9908098,1,2
331,-1.0,0,0.0054265857,1,2
332,-0.3,0,0.007604599,1,2
333,-2.9,0,0.0006700754,1,2
334,-1.0,0,0.0013180375,1,2
335,0.21,1,0.0037593842,1,2
336,-0.08,1,0.58982956,1,2
337,0.13,1,0.4116944,1,2
338,-1.16,0,2.9921532e-05,1,2
339,-0.3,0,0.0010875463,1,2
340,0.51,1,0.95490813,1,2
341,-0.01,1,0.8074554,1,2
342,-0.84,0,0.008469343,1,2
343,-1.2,0,0.0027865767,1,2
344,-0.7,0,9.8109245e-05,1,2
345,-0.2,1,0.109151304,1,2
346,-0.3,0,0.0030382276,1,2
347,-0.18,1,0.004432261,1,2
348,-0.17,1,0.5229086,1,2
349,-2.9,0,0.006130457,1,2
350,-1.8,0,0.0008174777,1,2
351,0.1,1,6.914139e-06,1,2
352,-0.71,0,3.4570694e-06,1,2
353,-1.26,0,0.0011737943,1,2
354,-0.8,0,1.7285347e-05,1,2
355,0.0,1,0.55128515,1,2
356,0.1,1,0.40962666,1,2
357,-0.15,1,0.5160417,1,2
358,-0.08,1,0.48391652,1,2
359,-0.34,0,0.011100054,1,2
360,-0.8,0,0.00041681528,1,2
361,0.06,1,0.6230297,1,2
362,-0.47,0,0.01685983,1,2
363,-1.67,0,0.00014066696,1,2
364,-0.9,0,0.0064819455,1,2
365,-0.9,0,3.5762787e-07,1,2
366,-3.3,0,4.7683716e-07,1,2
367,-0.4,0,2.2649765e-06,1,2
368,-4.0,0,1.1920929e-07,1,2
369,-1.6,0,3.838539e-05,1,2
370,-1.1,0,4.4941902e-05,1,2
371,-1.91,0,0.0013522506,1,2
372,-1.7,0,5.9604645e-07,1,2
373,-0.8,0,0.0,1,2
374,-0.5,0,4.4226646e-05,1,2
375,-1.67,0,0.0069509745,1,2
376,-0.85,0,0.002760291,1,2
1236,1.0,1,0.99457335,1,2
1237,0.3,1,0.9923954,1,2
1238,2.9,1,0.99932986,1,2
1239,1.0,1,0.998682,1,2
1240,-0.21,1,0.99624056,1,2
1241,0.08,1,0.4101705,1,2
1242,-0.13,1,0.5883056,1,2
1243,1.16,1,0.9999701,1,2
1244,0.3,1,0.99939805,1,2
1245,-0.51,0,0.034021437,1,2
1246,0.01,1,0.3234204,1,2
1247,0.84,1,0.99153066,1,2
1248,1.2,1,0.9972134,1,2
1249,0.7,1,0.99990195,1,2
1250,0.2,1,0.89084864,1,2
1251,0.3,1,0.99696183,1,2
1252,0.18,1,0.99556774,1,2
1253,0.17,1,0.47709137,1,2
1254,2.9,1,0.9938696,1,2
1255,1.8,1,0.9991826,1,2
1256,-0.1,1,0.999993,1,2
1257,0.71,1,0.99999624,1,2
1258,1.26,1,0.9988262,1,2
1259,0.8,1,0.9999828,1,2
1260,0.0,1,0.4487149,1,2
1261,-0.1,1,0.5903734,1,2
1262,0.15,1,0.48395836,1,2
1263,0.08,1,0.5160835,1,2
1264,0.34,1,0.9888999,1,2
1265,0.8,1,0.9995832,1,2
1266,-0.06,1,0.37697035,1,2
1267,0.47,1,0.9831401,1,2
1268,1.67,1,0.99985933,1,2
1269,0.9,1,0.9935181,1,2
1270,0.9,1,0.99999964,1,2
1271,3.3,1,0.99999946,1,2
1272,0.4,1,0.9999978,1,2
1273,4.0,1,0.99999994,1,2
1274,1.6,1,0.99996156,1,2
1275,1.1,1,0.999955,1,2
1276,1.91,1,0.99864775,1,2
1277,1.7,1,0.99999946,1,2
1278,0.8,1,1.0,1,2
1279,0.5,1,0.99995583,1,2
1280,1.67,1,0.9930491,1,2
1281,0.85,1,0.99723977,1,2
377,4.06,1,0.99999994,1,2
378,2.26,1,1.0,1,2
379,2.2,1,0.9999994,1,2
380,1.15,1,0.99998754,1,2
1282,-4.06,0,0.0,1,2
1283,-2.26,0,0.0,1,2
1284,-2.2,0,5.9604645e-07,1,2
1285,-1.15,0,1.2397766e-05,1,2
381,-1.15,0,0.0011519194,1,2
382,2.91,1,0.99994475,1,2
383,1.11,1,0.9999998,1,2
384,1.05,1,0.99615157,1,2
1286,1.15,1,0.9988481,1,2
1287,-2.91,0,5.51939e-05,1,2
1288,-1.11,0,2.3841858e-07,1,2
1289,-1.05,0,0.003848493,1,2
389,-2.2,0,3.33786e-06,1,2
390,1.86,1,0.99681187,1,2
391,0.06,1,0.9999434,1,2
392,-1.05,0,0.0048294663,1,2
1294,2.2,1,0.9999967,1,2
1295,-1.86,0,0.0031881928,1,2
1296,-0.06,1,5.6624413e-05,1,2
1297,1.05,1,0.9951706,1,2
398,-0.07,1,0.73183405,1,2
399,-1.04,0,0.0030680895,1,2
400,-0.27,0,3.4570694e-06,1,2
401,-0.03,1,0.5601063,1,2
402,0.74,1,0.00028818846,1,2
403,0.06,1,0.0012558699,1,2
404,0.2,1,0.4924072,1,2
405,0.01,1,0.52737725,1,2
406,0.22,1,0.9823575,1,2
407,0.02,1,0.5018916,1,2
408,-0.82,0,0.007834554,1,2
409,0.52,1,0.9999131,1,2
410,-4.0,0,0.00088459253,1,2
411,0.06,1,0.491471,1,2
412,-1.48,0,0.00901705,1,2
413,-1.65,0,0.0007750988,1,2
1303,0.07,1,0.26816595,1,2
1304,1.04,1,0.9969319,1,2
1305,0.27,1,0.99993813,1,2
1306,0.03,1,0.43989366,1,2
1307,-0.74,0,0.9997118,1,2
1308,-0.06,1,0.99874413,1,2
1309,-0.2,1,0.5075928,1,2
1310,-0.01,1,0.47262275,1,2
1311,-0.22,0,0.017642498,1,2
1312,-0.02,1,0.4981084,1,2
1313,0.82,1,0.9921655,1,2
1314,-0.52,0,8.690357e-05,1,2
1315,4.0,1,0.99911547,1,2
1316,-0.06,1,0.508529,1,2
1317,1.48,1,0.9909829,1,2
1318,1.65,1,0.99922496,1,2
414,0.16,1,0.49677044,1,2
415,-0.09,1,0.50688165,1,2
416,0.22,1,0.96174955,1,2
1319,-0.16,1,0.50322956,1,2
1320,0.09,1,0.49311835,1,2
1321,-0.22,0,0.038250506,1,2
417,-1.09,0,0.008208275,1,2
418,-0.87,0,0.010187089,1,2
419,-0.65,0,0.0027606487,1,2
420,-0.13,1,0.49832463,1,2
421,-1.4,0,0.007872343,1,2
422,-3.49,0,0.006851375,1,2
423,0.92,1,0.99924254,1,2
424,0.16,1,0.4839821,1,2
425,0.85,1,0.9940892,1,2
426,0.43,1,0.98775375,1,2
427,0.69,1,0.9963688,1,2
428,-0.67,0,2.1457672e-06,1,2
1322,1.09,1,0.9917917,1,2
1323,0.87,1,0.9898129,1,2
1324,0.65,1,0.99723935,1,2
1325,0.13,1,0.50167537,1,2
1326,1.4,1,0.99212766,1,2
1327,3.49,1,0.9931486,1,2
1328,-0.92,0,0.0007574558,1,2
1329,-0.16,1,0.5160179,1,2
1330,-0.85,0,0.005910754,1,2
1331,-0.43,0,0.012246311,1,2
1332,-0.69,0,0.003631115,1,2
1333,0.67,1,0.99999785,1,2
429,0.0,1,0.0010743737,1,2
430,-0.96,0,0.00898993,1,2
431,-0.41,0,0.0032730103,1,2
432,-0.72,0,0.0019043088,1,2
433,-4.13,0,0.015259683,1,2
434,-0.41,0,0.0014629364,1,2
435,-2.75,0,2.6226044e-06,1,2
436,-4.13,0,0.0017338395,1,2
437,-2.75,0,0.0010060668,1,2
438,0.0,1,0.43018275,1,2
439,0.0,1,0.46030337,1,2
440,0.0,1,0.48400646,1,2
441,0.0,1,0.46196204,1,2
442,0.0,1,0.50648814,1,2
443,-2.64,0,0.009350359,1,2
444,0.0,1,0.5155161,1,2
445,0.41,1,0.9999996,1,2
446,0.66,1,0.99999994,1,2
447,0.0,1,0.9932195,1,2
448,0.0,1,0.43157965,1,2
449,-0.41,0,0.001237154,1,2
450,0.0,1,0.7068629,1,2
451,-0.41,0,0.0053524375,1,2
452,0.0,1,0.5755696,1,2
453,0.0,1,0.4951685,1,2
454,0.0,1,0.48579174,1,2
455,-4.13,0,0.003612399,1,2
456,-1.38,0,0.0109119415,1,2
457,0.41,1,0.986248,1,2
458,-2.75,0,0.0037295818,1,2
459,0.0,1,0.54474807,1,2
460,0.0,1,0.52365124,1,2
464,-4.13,0,0.006066859,1,2
465,-6.82,0,7.724762e-05,1,2
466,0.0,1,0.00015127659,1,2
467,-0.41,0,0.0033427477,1,2
468,0.0,1,0.49289465,1,2
469,0.0,1,0.4928342,1,2
470,-0.41,0,0.024362862,1,2
471,0.0,1,0.5469495,1,2
472,0.0,1,0.49432153,1,2
1334,0.0,1,0.9989257,1,2
1335,0.96,1,0.99101007,1,2
1336,0.41,1,0.99672705,1,2
1337,0.72,1,0.99809563,1,2
1338,4.13,1,0.9847404,1,2
1339,0.41,1,0.9985371,1,2
1340,2.75,1,0.9999973,1,2
1341,4.13,1,0.9982661,1,2
1342,2.75,1,0.99899393,1,2
1343,0.0,1,0.5698173,1,2
1344,0.0,1,0.53969663,1,2
1345,0.0,1,0.5159936,1,2
1346,0.0,1,0.53803796,1,2
1347,0.0,1,0.49351192,1,2
1348,2.64,1,0.9906496,1,2
1349,0.0,1,0.48448396,1,2
1350,-0.41,0,3.5762787e-07,1,2
1351,-0.66,0,0.0,1,2
1352,0.0,1,0.0067804456,1,2
1353,0.0,1,0.5684204,1,2
1354,0.41,1,0.9987628,1,2
1355,0.0,1,0.29313707,1,2
1356,0.41,1,0.99464756,1,2
1357,0.0,1,0.42443043,1,2
1358,0.0,1,0.5048315,1,2
1359,0.0,1,0.5142083,1,2
1360,4.13,1,0.9963876,1,2
1361,1.38,1,0.9890881,1,2
1362,-0.41,0,0.013752043,1,2
1363,2.75,1,0.9962705,1,2
1364,0.0,1,0.4759211,1,2
1365,0.0,1,0.47634876,1,2
1369,4.13,1,0.9939332,1,2
1370,6.82,1,0.99992275,1,2
1371,0.0,1,0.9998488,1,2
1372,0.41,1,0.9966573,1,2
1373,0.0,1,0.50710535,1,2
1374,0.0,1,0.5071658,1,2
1375,0.41,1,0.97563714,1,2
1376,0.0,1,0.45305043,1,2
1377,0.0,1,0.5056784,1,2
504,0.03,1,0.00021475554,1,2
505,-2.34,0,0.0,1,2
506,-2.77,0,1.2874603e-05,1,2
507,0.05,1,0.8222141,1,2
508,-3.34,0,1.66893e-06,1,2
509,-7.42,0,0.0,1,2
510,-0.07,1,0.66904664,1,2
511,0.01,1,0.55129087,1,2
512,-0.54,0,0.00025302172,1,2
513,0.3,1,0.99389195,1,2
514,-2.28,0,0.00017982721,1,2
515,-2.16,0,0.00034451485,1,2
516,0.15,1,0.6122572,1,2
517,-0.1,1,0.4988141,1,2
518,-0.29,0,0.0,1,2
519,-0.39,0,0.0074721575,1,2
520,0.12,1,0.0033046007,1,2
521,0.08,1,0.0005454421,1,2
522,-2.37,0,0.0,1,2
1409,-0.03,1,0.9997852,1,2
1410,2.34,1,1.0,1,2
1411,2.77,1,0.9999871,1,2
1412,-0.05,1,0.17778593,1,2
1413,3.34,1,0.99999833,1,2
1414,7.42,1,1.0,1,2
1415,0.07,1,0.33095342,1,2
1416,-0.01,1,0.44870913,1,2
1417,0.54,1,0.999747,1,2
1418,-0.3,0,0.0061080456,1,2
1419,2.28,1,0.9998201,1,2
1420,2.16,1,0.9996555,1,2
1421,-0.15,1,0.38774282,1,2
1422,0.1,1,0.5011859,1,2
1423,0.29,1,1.0,1,2
1424,0.39,1,0.9925278,1,2
1425,-0.12,1,0.9966954,1,2
1426,-0.08,1,0.99945456,1,2
1427,2.37,1,1.0,1,2
523,-3.68,0,0.004212916,1,2
524,-4.91,0,0.018236816,1,2
1428,3.68,1,0.9957871,1,2
1429,4.91,1,0.98176324,1,2
526,-0.2,1,3.33786e-06,1,2
527,0.0,1,0.0002629161,1,2
528,0.0,1,0.0005836487,1,2
529,-0.7,0,0.0012167096,1,2
530,-0.2,1,8.821487e-06,1,2
531,0.1,1,0.387502,1,2
532,-0.8,0,0.003735721,1,2
533,-1.2,0,0.0,1,2
534,-1.0,0,1.1920929e-07,1,2
535,-2.0,0,0.00011909008,1,2
536,-1.1,0,0.0020982027,1,2
537,-0.8,0,1.180172e-05,1,2
538,-0.2,1,0.44869173,1,2
539,0.2,1,0.9171573,1,2
540,-0.2,1,2.6226044e-06,1,2
541,0.3,1,0.0017401576,1,2
542,0.2,1,0.48917168,1,2
543,0.2,1,4.172325e-06,1,2
544,-1.0,0,6.651878e-05,1,2
545,-1.3,0,0.0002693534,1,2
546,-0.1,1,0.51923186,1,2
547,0.4,1,0.0014047027,1,2
548,0.5,1,0.9702473,1,2
549,0.3,1,0.9921086,1,2
550,0.0,1,0.3866489,1,2
551,-2.0,0,0.004601896,1,2
552,-1.3,0,2.360344e-05,1,2
553,-0.5,0,0.0015264153,1,2
554,-0.3,0,0.0005572438,1,2
555,-0.4,0,0.004326284,1,2
556,-0.2,1,0.48102248,1,2
557,-1.7,0,1.1920929e-07,1,2
558,-0.7,0,2.193451e-05,1,2
559,-1.4,0,2.0623207e-05,1,2
1431,0.2,1,0.9999967,1,2
1432,0.0,1,0.9997371,1,2
1433,0.0,1,0.9994163,1,2
1434,0.7,1,0.99878323,1,2
1435,0.2,1,0.99999136,1,2
1436,-0.1,1,0.6124979,1,2
1437,0.8,1,0.9962642,1,2
1438,1.2,1,0.99999994,1,2
1439,1.0,1,0.9999999,1,2
1440,2.0,1,0.9998809,1,2
1441,1.1,1,0.9979018,1,2
1442,0.8,1,0.99998814,1,2
1443,0.2,1,0.5513083,1,2
1444,-0.2,1,0.08284265,1,2
1445,0.2,1,0.9999974,1,2
1446,-0.3,0,0.99825984,1,2
1447,-0.2,1,0.51082826,1,2
1448,-0.2,1,0.9999958,1,2
1449,1.0,1,0.9999334,1,2
1450,1.3,1,0.9997307,1,2
1451,0.1,1,0.48076808,1,2
1452,-0.4,0,0.9985953,1,2
1453,-0.5,0,0.029752672,1,2
1454,-0.3,0,0.007891476,1,2
1455,0.0,1,0.6133511,1,2
1456,2.0,1,0.99539816,1,2
1457,1.3,1,0.9999764,1,2
1458,0.5,1,0.99847364,1,2
1459,0.3,1,0.99944276,1,2
1460,0.4,1,0.9956738,1,2
1461,0.2,1,0.5189775,1,2
1462,1.7,1,0.99999994,1,2
1463,0.7,1,0.99997807,1,2
1464,1.4,1,0.9999793,1,2
594,-0.57,0,0.00029844046,1,2
595,-0.42,0,1.5497208e-05,1,2
596,-0.31,0,2.9087067e-05,1,2
597,-6.7,0,6.198883e-06,1,2
598,-0.37,0,0.0013529658,1,2
599,0.05,1,0.0036521554,1,2
600,-0.64,0,0.00014162064,1,2
601,-6.7,0,0.0011502504,1,2
602,-0.09,1,0.47752428,1,2
603,0.0,1,0.042625964,1,2
604,-0.84,0,0.009354711,1,2
605,-0.79,0,0.0060322285,1,2
606,-0.34,0,0.0024886131,1,2
607,-0.77,0,5.567074e-05,1,2
608,-2.43,0,0.008418381,1,2
609,-0.13,1,0.0023267865,1,2
610,0.03,1,0.10290855,1,2
611,-2.51,0,2.7894974e-05,1,2
612,-0.71,0,0.010737002,1,2
613,0.42,1,0.99930876,1,2
614,-1.36,0,0.0027311444,1,2
615,0.09,1,0.5221733,1,2
616,0.05,1,0.30691957,1,2
617,0.07,1,0.00024706125,1,2
618,0.16,1,0.4681691,1,2
619,-1.36,0,0.007238984,1,2
620,-1.36,0,0.0021626353,1,2
621,-0.29,0,0.00332582,1,2
622,-1.13,0,2.2649765e-05,1,2
623,-0.3,0,0.01967299,1,2
624,0.0,1,0.55260706,1,2
625,0.06,1,0.49564862,1,2
626,-1.09,0,0.004483521,1,2
627,-0.02,1,0.0,1,2
628,-0.41,0,0.002290368,1,2
1499,0.57,1,0.9997016,1,2
1500,0.42,1,0.9999845,1,2
1501,0.31,1,0.99997056,1,2
1502,6.7,1,0.9999938,1,2
1503,0.37,1,0.9986471,1,2
1504,-0.05,1,0.9963478,1,2
1505,0.64,1,0.99985844,1,2
1506,6.7,1,0.9988498,1,2
1507,0.09,1,0.5224757,1,2
1508,0.0,1,0.95737404,1,2
1509,0.84,1,0.99064535,1,2
1510,0.79,1,0.9939678,1,2
1511,0.34,1,0.9975114,1,2
1512,0.77,1,0.9999443,1,2
1513,2.43,1,0.9915816,1,2
1514,0.13,1,0.9976733,1,2
1515,-0.03,1,0.89709145,1,2
1516,2.51,1,0.9999721,1,2
1517,0.71,1,0.989263,1,2
1518,-0.42,0,0.00069129467,1,2
1519,1.36,1,0.9972689,1,2
1520,-0.09,1,0.47782677,1,2
1521,-0.05,1,0.6930804,1,2
1522,-0.07,1,0.999753,1,2
1523,-0.16,1,0.5318309,1,2
1524,1.36,1,0.99336475,1,2
1525,1.36,1,0.99783736,1,2
1526,0.29,1,0.99667424,1,2
1527,1.13,1,0.9999774,1,2
1528,0.3,1,0.98032695,1,2
1529,0.0,1,0.44739294,1,2
1530,-0.06,1,0.5043514,1,2
1531,1.09,1,0.995927,1,2
1532,0.02,1,1.0,1,2
1533,0.41,1,0.99770963,1,2
629,0.95,1,0.9981873,1,2
630,1.5,1,0.0,1,2
1534,-0.95,0,0.0018126369,1,2
1535,-1.5,0,1.0,1,2
633,-1.9,0,7.688999e-05,1,2
634,-0.17,1,0.42612267,1,2
635,-0.95,0,0.0,1,2
636,-2.29,0,9.8228455e-05,1,2
637,-2.49,0,0.00017613173,1,2
638,-0.52,0,3.695488e-06,1,2
639,-2.28,0,2.1100044e-05,1,2
640,-1.64,0,0.0004582405,1,2
641,-2.24,0,1.1920929e-07,1,2
642,-2.44,0,0.00034236908,1,2
643,-2.03,0,0.0009771585,1,2
644,-0.55,0,0.0,1,2
645,0.45,1,0.9972228,1,2
646,0.0,1,0.523459,1,2
647,-6.83,0,1.0251999e-05,1,2
648,-6.78,0,0.0006887913,1,2
649,-5.35,0,3.683567e-05,1,2
650,-6.18,0,3.504753e-05,1,2
651,-6.77,0,0.006408155,1,2
652,-3.6,0,5.567074e-05,1,2
653,-6.43,0,0.002590716,1,2
654,-1.09,0,0.00055617094,1,2
655,-3.05,0,0.0010666251,1,2
656,-0.7,0,6.771088e-05,1,2
657,-5.22,0,0.0028201342,1,2
658,-1.34,0,0.0059687495,1,2
659,-5.67,0,0.0030477047,1,2
660,-5.11,0,0.0014055371,1,2
661,-0.41,0,0.0051888227,1,2
662,-0.24,0,0.0075486302,1,2
663,0.04,1,0.3073132,1,2
664,-0.21,1,0.04037893,1,2
665,-0.95,0,0.001978755,1,2
666,-1.03,0,1.4305115e-06,1,2
667,-2.61,0,2.3841858e-07,1,2
668,-2.57,0,8.225441e-06,1,2
669,-2.32,0,5.8054924e-05,1,2
670,-1.91,0,8.702278e-05,1,2
671,-2.05,0,1.9073486e-06,1,2
672,-2.49,0,8.34465e-06,1,2
673,-2.55,0,7.033348e-06,1,2
674,-2.29,0,3.695488e-05,1,2
675,0.33,1,0.993971,1,2
676,-0.17,1,0.3929425,1,2
677,-0.27,0,0.0,1,2
678,0.0,1,0.35699773,1,2
679,-5.54,0,0.0,1,2
680,-3.27,0,0.0069102645,1,2
681,-0.32,0,9.429455e-05,1,2
682,-6.0,0,1.1920929e-07,1,2
683,-1.07,0,0.00023812056,1,2
684,-2.01,0,4.0769577e-05,1,2
685,-1.75,0,0.00042110682,1,2
686,-7.32,0,0.0,1,2
687,-1.61,0,0.0027853847,1,2
688,-2.85,0,0.0020401478,1,2
689,-3.25,0,0.0,1,2
690,-0.62,0,0.00452286,1,2
691,-0.81,0,0.0030481815,1,2
692,-0.71,0,5.9604645e-07,1,2
693,-1.68,0,0.0,1,2
694,-0.36,0,0.0038251877,1,2
695,-1.51,0,0.0001232624,1,2
696,-4.57,0,3.0994415e-06,1,2
697,-2.36,0,0.0005836487,1,2
698,-4.4,0,0.000104665756,1,2
699,-2.71,0,0.0,1,2
700,-1.4,0,0.0018748641,1,2
701,-4.87,0,0.0,1,2
702,0.46,1,0.9910745,1,2
703,-2.18,0,0.0031903386,1,2
1538,1.9,1,0.99992305,1,2
1539,0.17,1,0.57387733,1,2
1540,0.95,1,1.0,1,2
1541,2.29,1,0.9999018,1,2
1542,2.49,1,0.9998238,1,2
1543,0.52,1,0.99999624,1,2
1544,2.28,1,0.9999789,1,2
1545,1.64,1,0.99954176,1,2
1546,2.24,1,0.99999994,1,2
1547,2.44,1,0.9996576,1,2
1548,2.03,1,0.9990229,1,2
1549,0.55,1,1.0,1,2
1550,-0.45,0,0.0027772188,1,2
1551,0.0,1,0.47654098,1,2
1552,6.83,1,0.9999898,1,2
1553,6.78,1,0.9993112,1,2
1554,5.35,1,0.9999631,1,2
1555,6.18,1,0.99996495,1,2
1556,6.77,1,0.99359185,1,2
1557,3.6,1,0.9999443,1,2
1558,6.43,1,0.9968888,1,2
1559,1.09,1,0.9994438,1,2
1560,3.05,1,0.9989334,1,2
1561,0.7,1,0.9999323,1,2
1562,5.22,1,0.9971799,1,2
1563,1.34,1,0.99403125,1,2
1564,5.67,1,0.9969523,1,2
1565,5.11,1,0.99859446,1,2
1566,0.41,1,0.99481124,1,2
1567,0.24,1,0.99245137,1,2
1568,-0.04,1,0.6926868,1,2
1569,0.21,1,0.9596211,1,2
1570,0.95,1,0.99802125,1,2
1571,1.03,1,0.9999985,1,2
1572,2.61,1,0.99999976,1,2
1573,2.57,1,0.99999183,1,2
1574,2.32,1,0.99994195,1,2
1575,1.91,1,0.999913,1,2
1576,2.05,1,0.9999981,1,2
1577,2.49,1,0.9999917,1,2
1578,2.55,1,0.9999929,1,2
1579,2.29,1,0.9999631,1,2
1580,-0.33,0,0.00602901,1,2
1581,0.17,1,0.6070576,1,2
1582,0.27,1,1.0,1,2
1583,0.0,1,0.6430023,1,2
1584,5.54,1,0.99999994,1,2
1585,3.27,1,0.99308974,1,2
1586,0.32,1,0.99990565,1,2
1587,6.0,1,0.99999994,1,2
1588,1.07,1,0.9997618,1,2
1589,2.01,1,0.9999592,1,2
1590,1.75,1,0.9995789,1,2
1591,7.32,1,1.0,1,2
1592,1.61,1,0.99721456,1,2
1593,2.85,1,0.99795985,1,2
1594,3.25,1,1.0,1,2
1595,0.62,1,0.99547714,1,2
1596,0.81,1,0.9969519,1,2
1597,0.71,1,0.9999994,1,2
1598,1.68,1,1.0,1,2
1599,0.36,1,0.9961749,1,2
1600,1.51,1,0.99987674,1,2
1601,4.57,1,0.9999972,1,2
1602,2.36,1,0.99966985,1,2
1603,4.4,1,0.99991465,1,2
1604,2.71,1,1.0,1,2
1605,1.4,1,0.99812514,1,2
1606,4.87,1,0.99998903,1,2
1607,-0.46,0,0.0089254975,1,2
1608,2.18,1,0.9968097,1,2
704,-2.5,0,0.003916383,1,2
705,-4.0,0,9.524822e-05,1,2
706,-2.5,0,0.00025087595,1,2
707,-4.0,0,0.00033259392,1,2
708,-1.0,0,0.0017371774,1,2
709,-3.7,0,9.894371e-05,1,2
710,-4.0,0,6.377697e-05,1,2
1609,2.5,1,0.9960837,1,2
1610,4.0,1,0.9999047,1,2
1611,2.5,1,0.9997492,1,2
1612,4.0,1,0.9996674,1,2
1613,1.0,1,0.99861395,1,2
1614,3.7,1,0.9998916,1,2
1615,4.0,1,0.9988115,1,2
711,0.83,1,0.9777531,1,2
1616,-0.83,0,0.022246957,1,2
712,-0.5,0,0.0027331114,1,2
713,-0.54,0,0.012504995,1,2
1617,0.5,1,0.9972669,1,2
1618,0.54,1,0.989988,1,2
714,0.13,1,0.4769566,1,2
715,-0.06,1,0.9961454,1,2
716,-0.49,0,0.0023838282,1,2
717,0.79,1,0.996506,1,2
718,0.02,1,0.4945402,1,2
719,0.79,1,0.9900073,1,2
720,0.55,1,0.99715936,1,2
721,-0.14,1,0.51038206,1,2
722,0.04,1,0.48426598,1,2
1619,-0.13,1,0.5230434,1,2
1620,0.06,1,0.0038545132,1,2
1621,0.49,1,0.99754244,1,2
1622,-0.79,0,0.0034940243,1,2
1623,-0.02,1,0.5054598,1,2
1624,-0.79,0,0.009992719,1,2
1625,-0.55,0,0.0028406382,1,2
1626,0.14,1,0.48961788,1,2
1627,-0.04,1,0.5157341,1,2
723,-0.06,1,0.9999211,1,2
724,-0.06,1,0.00014734268,1,2
725,-1.3,0,0.00010883808,1,2
726,-0.85,0,4.172325e-06,1,2
727,1.26,1,0.99833804,1,2
728,0.73,1,0.9980941,1,2
729,-1.25,0,0.0034438372,1,2
730,0.0,1,0.458943,1,2
731,0.08,1,0.4885518,1,2
732,-0.61,0,0.00018459558,1,2
733,0.18,1,0.46223134,1,2
734,-0.52,0,0.0016955137,1,2
735,-1.1,0,0.00013911724,1,2
736,-1.74,0,4.6491623e-06,1,2
737,0.04,1,0.5112302,1,2
738,0.23,1,0.9846009,1,2
739,0.34,1,0.9899216,1,2
740,0.23,1,0.9983352,1,2
741,0.26,1,0.9967035,1,2
742,0.05,1,0.48048764,1,2
743,-0.98,0,0.0003889203,1,2
744,0.1,1,0.79347444,1,2
745,-1.62,0,0.0034005046,1,2
746,0.14,1,0.49252868,1,2
747,-0.7,0,1.9431114e-05,1,2
748,0.08,1,0.4597112,1,2
749,-1.34,0,0.004325211,1,2
750,0.14,1,0.49910188,1,2
751,-1.07,0,0.0052390695,1,2
752,0.16,1,0.99946046,1,2
753,0.76,1,0.98857605,1,2
754,-4.39,0,0.0018170476,1,2
755,-1.18,0,0.0036230683,1,2
756,-1.27,0,0.00011634827,1,2
757,-1.4,0,0.005798757,1,2
758,-0.54,0,0.00012910366,1,2
759,0.2,1,0.7259365,1,2
760,0.33,1,0.99966836,1,2
761,-0.97,0,0.008809805,1,2
762,0.64,1,0.9795275,1,2
763,-1.99,0,1.5616417e-05,1,2
1628,0.06,1,7.903576e-05,1,2
1629,0.06,1,0.99985266,1,2
1630,1.3,1,0.9998912,1,2
1631,0.85,1,0.9999958,1,2
1632,-1.26,0,0.0015699267,1,2
1633,-0.73,0,0.0030155778,1,2
1634,1.25,1,0.99636245,1,2
1635,0.0,1,0.541057,1,2
1636,-0.08,1,0.5114482,1,2
1637,0.61,1,0.9998154,1,2
1638,-0.18,1,0.5377686,1,2
1639,0.52,1,0.99830455,1,2
1640,1.1,1,0.99986094,1,2
1641,1.74,1,0.9999953,1,2
1642,-0.04,1,0.48876977,1,2
1643,-0.23,0,0.015399039,1,2
1644,-0.34,0,0.010078371,1,2
1645,-0.23,0,0.0016648173,1,2
1646,-0.26,0,0.003296554,1,2
1647,-0.05,1,0.51951236,1,2
1648,0.98,1,0.9996111,1,2
1649,-0.1,1,0.20652556,1,2
1650,1.62,1,0.9965995,1,2
1651,-0.14,1,0.5074713,1,2
1652,0.7,1,0.9999805,1,2
1653,-0.08,1,0.5402888,1,2
1654,1.34,1,0.99567485,1,2
1655,-0.14,1,0.5008981,1,2
1656,1.07,1,0.99476093,1,2
1657,-0.16,1,0.00053948164,1,2
1658,-0.76,0,0.011423886,1,2
1659,4.39,1,0.998183,1,2
1660,1.18,1,0.9963769,1,2
1661,1.27,1,0.9998836,1,2
1662,1.4,1,0.99420124,1,2
1663,0.54,1,0.9998709,1,2
1664,-0.2,1,0.27406353,1,2
1665,-0.33,0,0.00033164024,1,2
1666,0.97,1,0.99119025,1,2
1667,-0.64,0,0.020472467,1,2
1668,1.99,1,0.9999844,1,2
764,-1.48,0,0.0045230985,1,2
765,-0.34,0,0.00900501,1,2
766,-1.08,0,0.00019711256,1,2
767,-1.52,0,0.0005517602,1,2
768,-0.62,0,0.0002655387,1,2
769,-0.22,0,0.0005286336,1,2
770,-1.61,0,8.070469e-05,1,2
771,-0.47,0,0.0018375516,1,2
772,-1.89,0,0.002265811,1,2
773,-0.65,0,0.018975735,1,2
774,0.34,1,0.99466527,1,2
775,0.1,1,0.320773,1,2
776,-0.3,0,0.0021545887,1,2
777,-0.26,0,0.00024324656,1,2
778,-0.3,0,0.0023081303,1,2
779,0.06,1,0.46634823,1,2
780,-0.75,0,0.0021067262,1,2
781,0.04,1,0.252316,1,2
782,-0.03,1,0.99968565,1,2
783,0.08,1,0.4263453,1,2
784,1.07,1,9.417534e-06,1,2
785,-0.14,1,0.00023549795,1,2
786,0.15,1,0.49480456,1,2
787,-0.18,1,0.0004734993,1,2
788,-0.73,0,0.00058960915,1,2
789,-1.79,0,0.00030446053,1,2
790,-0.46,0,4.7683716e-07,1,2
1669,1.48,1,0.9954769,1,2
1670,0.34,1,0.990995,1,2
1671,1.08,1,0.99980295,1,2
1672,1.52,1,0.9994483,1,2
1673,0.62,1,0.99973446,1,2
1674,0.22,1,0.99947137,1,2
1675,1.61,1,0.9999193,1,2
1676,0.47,1,0.9981624,1,2
1677,1.89,1,0.9977342,1,2
1678,0.65,1,0.98102427,1,2
1679,-0.34,0,0.005334735,1,2
1680,-0.1,1,0.679227,1,2
1681,0.3,1,0.99761647,1,2
1682,0.26,1,0.99975675,1,2
1683,0.3,1,0.9976918,1,2
1684,-0.06,1,0.5336518,1,2
1685,0.75,1,0.9978933,1,2
1686,-0.04,1,0.74768406,1,2
1687,0.03,1,0.0003143549,1,2
1688,-0.08,1,0.5736548,1,2
1689,-1.07,0,0.99999064,1,2
1690,0.14,1,0.9997645,1,2
1691,-0.15,1,0.5051955,1,2
1692,0.18,1,0.9995265,1,2
1693,0.73,1,0.9994104,1,2
1694,1.79,1,0.9996955,1,2
1695,0.46,1,0.9999995,1,2
844,-4.62,0,0.0045533776,1,2
845,0.43,1,0.99743885,1,2
846,-0.88,0,0.008032262,1,2
847,-2.37,0,0.0029093027,1,2
1749,4.62,1,0.9954466,1,2
1750,-0.43,0,0.0025612116,1,2
1751,0.88,1,0.9919678,1,2
1752,2.37,1,0.99709064,1,2
850,-2.13,0,0.00059628487,1,2
851,-1.72,0,0.0028524995,1,2
852,-2.12,0,1.1920929e-07,1,2
853,-2.1,0,0.0132110715,1,2
854,0.0,1,4.529953e-06,1,2
855,0.0,1,0.41995037,1,2
856,-0.94,0,0.0031422377,1,2
857,0.0,1,0.47469175,1,2
858,-1.69,0,3.5762787e-07,1,2
859,0.0,1,1.1563301e-05,1,2
860,0.0,1,0.0,1,2
861,0.0,1,3.695488e-06,1,2
1755,2.13,1,0.99940366,1,2
1756,1.72,1,0.9971475,1,2
1757,2.12,1,0.9999999,1,2
1758,2.1,1,0.986789,1,2
1759,0.0,1,0.99999547,1,2
1760,0.0,1,0.58004963,1,2
1761,0.94,1,0.99685776,1,2
1762,0.0,1,0.5253083,1,2
1763,1.69,1,0.99999964,1,2
1764,0.0,1,0.99998844,1,2
1765,0.0,1,1.0,1,2
1766,0.0,1,0.99999624,1,2
870,-0.65,0,0.001688242,1,2
871,-1.72,0,0.008616686,1,2
1775,0.65,1,0.9983118,1,2
1776,1.72,1,0.9913834,1,2
872,-1.51,0,8.201599e-05,1,2
873,-1.58,0,0.0036491156,1,2
1777,1.51,1,0.9999179,1,2
1778,1.58,1,0.99635094,1,2
874,-1.61,0,0.0043172836,1,2
1779,1.61,1,0.9956827,1,2
875,-0.65,0,0.0012483597,1,2
876,-0.11,1,0.46757805,1,2
877,0.61,1,0.9937806,1,2
878,-2.93,0,0.0017473102,1,2
879,-2.29,0,0.0044178367,1,2
880,-3.39,0,0.0007272363,1,2
881,0.54,1,0.99862856,1,2
882,0.05,1,0.5394791,1,2
883,-1.2,0,0.004067242,1,2
1780,0.65,1,0.99875164,1,2
1781,0.11,1,0.53242195,1,2
1782,-0.61,0,0.0062194467,1,2
1783,2.93,1,0.9982527,1,2
1784,2.29,1,0.99558216,1,2
1785,3.39,1,0.9992728,1,2
1786,-0.54,0,0.0013713837,1,2
1787,-0.05,1,0.46052092,1,2
1788,1.2,1,0.9959328,1,2
884,0.35,1,0.9963189,1,2
885,-0.12,1,0.5227119,1,2
1789,-0.35,0,0.0036811829,1,2
1790,0.12,1,0.47728813,1,2
886,-3.04,0,0.0,1,2
887,0.11,1,0.00016665459,1,2
1791,3.04,1,1.0,1,2
1792,-0.11,1,0.9998334,1,2
888,-1.09,0,0.0011761785,1,2
889,-2.0,0,0.0017199516,1,2
890,-2.76,0,0.0038797855,1,2
891,-0.41,0,0.00042504072,1,2
892,-1.46,0,0.00059080124,1,2
893,-0.89,0,0.00845474,1,2
894,-0.28,0,0.0006945133,1,2
895,-0.36,0,0.0010200143,1,2
896,0.37,1,0.99512935,1,2
897,-1.53,0,2.4437904e-05,1,2
898,-0.31,0,0.006483078,1,2
899,-0.12,1,0.77357477,1,2
900,0.87,1,0.99891376,1,2
901,-0.34,0,0.0011047721,1,2
902,-3.21,0,0.0005185008,1,2
903,-0.36,0,1.1920929e-07,1,2
904,-1.72,0,1.3947487e-05,1,2
905,-0.55,0,0.0,1,2
1793,1.09,1,0.9988239,1,2
1794,2.0,1,0.99828,1,2
1795,2.76,1,0.9961202,1,2
1796,0.41,1,0.99957496,1,2
1797,1.46,1,0.99940914,1,2
1798,0.89,1,0.9915453,1,2
1799,0.28,1,0.99930555,1,2
1800,0.36,1,0.99898,1,2
1801,-0.37,0,0.004870653,1,2
1802,1.53,1,0.99997556,1,2
1803,0.31,1,0.99354106,1,2
1804,0.12,1,0.22642529,1,2
1805,-0.87,0,0.001086235,1,2
1806,0.34,1,0.99889517,1,2
1807,3.21,1,0.9994815,1,2
1808,0.36,1,0.99999994,1,2
1809,1.72,1,0.99998605,1,2
1810,0.55,1,1.0,1,2
26,0.33,1,0.99685526,0,2
27,-0.45,0,0.25035566,0,2
28,0.27,1,0.029031694,0,2
29,-0.31,0,0.5285759,0,2
30,1.94,1,0.6919861,0,2
931,-0.33,0,0.003144741,0,2
932,0.45,1,0.7339456,0,2
933,-0.27,0,0.97096837,0,2
934,0.31,1,0.4714241,0,2
935,-1.94,0,0.30801392,0,2
60,-1.15,0,0.00011587143,0,2
61,0.0,1,0.39364767,0,2
62,-2.67,0,0.00016903877,0,2
63,-4.1,0,4.6491623e-06,0,2
64,0.0,1,0.52598166,0,2
65,0.0,1,0.0,0,2
66,-0.95,0,9.763241e-05,0,2
67,-1.3,0,0.0002577901,0,2
68,-1.06,0,2.503395e-05,0,2
69,0.0,1,0.0010874271,0,2
70,-1.36,0,0.00023907423,0,2
71,-0.04,1,0.6227031,0,2
72,-4.1,0,4.1365623e-05,0,2
73,-1.91,0,0.0052379966,0,2
74,-0.65,0,0.28969443,0,2
75,0.0,1,0.27634645,0,2
76,-1.06,0,1.0728836e-06,0,2
77,-0.82,0,5.841255e-06,0,2
78,0.0,1,0.2162953,0,2
79,-1.94,0,0.00050508976,0,2
965,1.15,1,0.9998841,0,2
966,0.0,1,0.6063523,0,2
967,2.67,1,0.9998172,0,2
968,4.1,1,0.9999958,0,2
969,0.0,1,0.47401834,0,2
970,0.0,1,1.0,0,2
971,0.95,1,0.99990237,0,2
972,1.3,1,0.99974215,0,2
973,1.06,1,0.999975,0,2
974,0.0,1,0.9989126,0,2
975,1.36,1,0.999761,0,2
976,0.04,1,0.37729698,0,2
977,4.1,1,0.9999586,0,2
978,1.91,1,0.994762,0,2
979,0.65,1,0.7103056,0,2
980,0.0,1,0.72365355,0,2
981,1.06,1,0.999999,0,2
982,0.82,1,0.99999416,0,2
983,0.0,1,0.7837047,0,2
984,1.94,1,0.99949485,0,2
101,-2.82,0,0.0014615059,0,2
102,-4.32,0,0.040470302,0,2
103,-1.62,0,0.0023618937,0,2
104,-1.7,0,7.9870224e-05,0,2
105,-4.23,0,0.0015237927,0,2
106,-1.67,0,0.008337259,0,2
107,-1.88,0,3.1471252e-05,0,2
108,-2.71,0,0.0024683475,0,2
109,-1.01,0,0.00084912777,0,2
110,-1.17,0,0.00036871433,0,2
111,-1.88,0,0.2557397,0,2
112,-1.64,0,0.0007851124,0,2
113,-1.89,0,1.1920929e-07,0,2
114,-4.13,0,0.005132675,0,2
115,-1.17,0,0.0022526383,0,2
116,-0.92,0,0.029515803,0,2
117,-0.34,0,2.7418137e-05,0,2
118,-4.17,0,1.7881393e-06,0,2
119,-2.05,0,2.1457672e-06,0,2
120,-1.7,0,0.0,0,2
121,-0.69,0,5.9127808e-05,0,2
122,-2.03,0,0.0012262464,0,2
123,-1.85,0,4.529953e-06,0,2
124,-1.88,0,0.00045007467,0,2
125,-4.79,0,2.7418137e-06,0,2
1006,2.82,1,0.99853843,0,2
1007,4.32,1,0.9568213,0,2
1008,1.62,1,0.9976381,0,2
1009,1.7,1,0.9999201,0,2
1010,4.23,1,0.9984762,0,2
1011,1.67,1,0.99166274,0,2
1012,1.88,1,0.99996847,0,2
1013,2.71,1,0.9975317,0,2
1014,1.01,1,0.99914926,0,2
1015,1.17,1,0.9996313,0,2
1016,1.88,1,0.7442603,0,2
1017,1.64,1,0.9992149,0,2
1018,1.89,1,0.9999999,0,2
1019,4.13,1,0.9948674,0,2
1020,1.17,1,0.99774736,0,2
1021,0.92,1,0.97048414,0,2
1022,0.34,1,0.99997264,0,2
1023,4.17,1,0.9999982,0,2
1024,2.05,1,0.99999785,0,2
1025,1.7,1,1.0,0,2
1026,0.69,1,0.9999409,0,2
1027,2.03,1,0.9987738,0,2
1028,1.85,1,0.9999954,0,2
1029,1.88,1,0.99955,0,2
1030,4.79,1,0.99999726,0,2
201,1.39,1,0.516435,0,2
1106,-1.39,0,0.48356497,0,2
385,-2.26,0,0.0,0,2
386,1.8,1,0.00542742,0,2
387,-0.06,1,5.2452087e-06,0,2
388,-1.11,0,1.1920929e-07,0,2
1290,2.26,1,1.0,0,2
1291,-1.8,0,0.9945725,0,2
1292,0.06,1,0.99999475,0,2
1293,1.11,1,0.9999999,0,2
393,-4.06,0,5.9604645e-07,0,2
394,-1.8,0,0.99851036,0,2
395,-1.86,0,0.01886779,0,2
396,-2.91,0,0.00031864643,0,2
1298,4.06,1,0.99999946,0,2
1299,1.8,1,0.0014896989,0,2
1300,1.86,1,0.9811322,0,2
1301,2.91,1,0.99968135,0,2
397,-2.0,0,0.005780101,0,2
1302,2.0,1,0.9942199,0,2
473,-0.01,1,0.0007841587,0,2
474,-2.53,0,0.0,0,2
475,-0.65,0,0.98858994,0,2
476,-2.84,0,0.0014854074,0,2
477,0.25,1,0.07267827,0,2
478,-0.42,0,0.7786467,0,2
479,-4.06,0,2.861023e-06,0,2
480,-7.32,0,0.0,0,2
481,0.06,1,0.025696397,0,2
482,-0.1,1,0.3364874,0,2
483,0.01,1,0.68883705,0,2
484,0.03,1,0.74536383,0,2
485,-0.29,0,1.9431114e-05,0,2
486,0.14,1,0.99621665,0,2
487,-0.07,1,0.9250346,0,2
488,-2.59,0,6.0796738e-06,0,2
489,0.06,1,0.70596313,0,2
490,-0.89,0,0.00035607815,0,2
491,-0.1,1,0.8938757,0,2
492,-0.52,0,0.69893336,0,2
493,-0.82,0,0.0,0,2
494,-0.3,0,0.013986409,0,2
495,0.23,1,0.00019389391,0,2
496,0.0,1,0.0027057528,0,2
497,-0.42,0,0.7073453,0,2
498,0.36,1,0.1017791,0,2
499,-1.62,0,0.0,0,2
500,0.22,1,0.89739007,0,2
501,-0.07,1,0.029028416,0,2
502,-0.13,1,0.0031409264,0,2
503,-0.52,0,0.0074898005,0,2
1378,0.01,1,0.9992159,0,2
1379,2.53,1,0.99999994,0,2
1380,0.65,1,0.011410058,0,2
1381,2.84,1,0.9985146,0,2
1382,-0.25,0,0.9273217,0,2
1383,0.42,1,0.22135329,0,2
1384,4.06,1,0.9999971,0,2
1385,7.32,1,1.0,0,2
1386,-0.06,1,0.97430366,0,2
1387,0.1,1,0.6635126,0,2
1388,-0.01,1,0.31116295,0,2
1389,-0.03,1,0.25463617,0,2
1390,0.29,1,0.99998057,0,2
1391,-0.14,1,0.0037832856,0,2
1392,0.07,1,0.07496536,0,2
1393,2.59,1,0.999994,0,2
1394,-0.06,1,0.29403692,0,2
1395,0.89,1,0.99964386,0,2
1396,0.1,1,0.10612428,0,2
1397,0.52,1,0.30106664,0,2
1398,0.82,1,1.0,0,2
1399,0.3,1,0.9860136,0,2
1400,-0.23,0,0.99980617,0,2
1401,0.0,1,0.9972943,0,2
1402,0.42,1,0.2926547,0,2
1403,-0.36,0,0.8982209,0,2
1404,1.62,1,1.0,0,2
1405,-0.22,0,0.10260999,0,2
1406,0.07,1,0.9709716,0,2
1407,0.13,1,0.9968591,0,2
1408,0.52,1,0.9925102,0,2
525,4.91,1,0.9804337,0,2
1430,-4.91,0,0.019566357,0,2
560,-0.4,0,1.4305115e-06,0,2
561,0.1,1,0.00023037195,0,2
562,0.0,1,0.00057023764,0,2
563,-1.9,0,0.0067753196,0,2
564,-0.1,1,2.1576881e-05,0,2
565,-0.3,0,0.011272907,0,2
566,-1.8,0,0.0009328723,0,2
567,-0.3,0,0.00043731928,0,2
568,0.3,1,0.00031483173,0,2
569,-0.9,0,2.1457672e-06,0,2
570,0.2,1,0.112415254,0,2
571,-0.9,0,0.00028032064,0,2
572,0.3,1,0.0078546405,0,2
573,0.8,1,0.6289691,0,2
574,-0.1,1,2.2649765e-06,0,2
575,-2.4,0,0.0013126731,0,2
576,-2.5,0,0.022901535,0,2
577,0.2,1,0.002021134,0,2
578,-0.3,0,0.29747158,0,2
579,0.2,1,0.0012857914,0,2
580,-0.3,0,0.6007703,0,2
581,0.4,1,0.0002451539,0,2
582,-0.1,1,0.041949928,0,2
583,0.4,1,0.017414808,0,2
584,-1.4,0,0.4654271,0,2
585,-1.8,0,0.0016851425,0,2
586,-1.4,0,0.001663506,0,2
587,-1.2,0,5.9604645e-07,0,2
588,-2.4,0,0.010352552,0,2
589,0.8,1,2.503395e-05,0,2
590,-1.8,0,0.005568683,0,2
591,0.8,1,0.0016346574,0,2
592,-0.9,0,0.0002680421,0,2
593,-0.5,0,0.00019782782,0,2
1465,0.4,1,0.9999985,0,2
1466,-0.1,1,0.9997696,0,2
1467,0.0,1,0.99942976,0,2
1468,1.9,1,0.99322474,0,2
1469,0.1,1,0.99998,0,2
1470,0.3,1,0.98872715,0,2
1471,1.8,1,0.9992885,0,2
1472,0.3,1,0.99956274,0,2
1473,-0.3,0,0.9996851,0,2
1474,0.9,1,0.99999785,0,2
1475,-0.2,1,0.8875848,0,2
1476,0.9,1,0.99971974,0,2
1477,-0.3,0,0.99214536,0,2
1478,-0.8,0,0.37103093,0,2
1479,0.1,1,0.99999774,0,2
1480,2.4,1,0.9986873,0,2
1481,2.5,1,0.9681536,0,2
1482,-0.2,1,0.9979788,0,2
1483,0.3,1,0.7025285,0,2
1484,-0.2,1,0.99871415,0,2
1485,0.3,1,0.39922976,0,2
1486,-0.4,0,0.9997548,0,2
1487,0.1,1,0.9580501,0,2
1488,-0.4,0,0.98258513,0,2
1489,1.4,1,0.53457296,0,2
1490,1.8,1,0.99866927,0,2
1491,1.4,1,0.9983365,0,2
1492,1.2,1,0.9999994,0,2
1493,2.4,1,0.98964745,0,2
1494,-0.8,0,0.99997497,0,2
1495,1.8,1,0.9944314,0,2
1496,-0.8,0,0.9983653,0,2
1497,0.9,1,0.9997319,0,2
1498,0.5,1,0.9998021,0,2
791,0.38,1,0.0027557611,0,2
792,0.24,1,0.016061127,0,2
793,-0.84,0,0.00067186356,0,2
794,0.55,1,0.00018244982,0,2
795,-1.49,0,0.0005375743,0,2
796,-1.05,0,0.0011339188,0,2
797,0.85,1,0.052776217,0,2
798,-0.82,0,0.00019139051,0,2
799,-0.35,0,0.01179868,0,2
800,-1.09,0,3.7312508e-05,0,2
801,-0.05,1,0.3404165,0,2
802,-0.19,1,0.30744356,0,2
803,-0.02,1,0.041322112,0,2
804,0.07,1,0.007286608,0,2
805,-1.1,0,0.98507506,0,2
806,-0.54,0,0.9377584,0,2
807,-0.1,1,0.6802106,0,2
808,0.21,1,0.08629167,0,2
809,0.04,1,0.00024980307,0,2
810,-1.19,0,0.11754614,0,2
811,-2.6,0,0.025721252,0,2
812,-1.13,0,8.59499e-05,0,2
813,-1.23,0,0.13250536,0,2
814,-1.45,0,0.049099743,0,2
815,-1.31,0,1.1920929e-07,0,2
816,-0.75,0,0.00042897463,0,2
817,-0.82,0,0.0070447326,0,2
818,-0.84,0,0.00091934204,0,2
1696,-0.38,0,0.99724424,0,2
1697,-0.24,0,0.9839388,0,2
1698,0.84,1,0.9993281,0,2
1699,-0.55,0,0.9998176,0,2
1700,1.49,1,0.9994624,0,2
1701,1.05,1,0.9988661,0,2
1702,-0.85,0,0.9472237,0,2
1703,0.82,1,0.9998086,0,2
1704,0.35,1,0.9882013,0,2
1705,1.09,1,0.99996275,0,2
1706,0.05,1,0.65958345,0,2
1707,0.19,1,0.6925564,0,2
1708,0.02,1,0.95867795,0,2
1709,-0.07,1,0.9927134,0,2
1710,1.1,1,0.014925003,0,2
1711,0.54,1,0.062241614,0,2
1712,0.1,1,0.31978947,0,2
1713,-0.21,1,0.9137083,0,2
1714,-0.04,1,0.99975014,0,2
1715,1.19,1,0.88245386,0,2
1716,2.6,1,0.97427875,0,2
1717,1.13,1,0.999914,0,2
1718,1.23,1,0.86749464,0,2
1719,1.45,1,0.9509002,0,2
1720,1.31,1,0.99999994,0,2
1721,0.75,1,0.999571,0,2
1722,0.82,1,0.9929552,0,2
1723,0.84,1,0.99908066,0,2
819,0.75,1,0.0088425875,0,2
820,-0.41,0,0.0006405711,0,2
821,-0.02,1,0.0022935867,0,2
822,0.3,1,0.013996065,0,2
823,0.61,1,0.62865585,0,2
824,-0.18,1,9.536743e-07,0,2
825,-0.45,0,0.002145946,0,2
826,-0.05,1,1.13248825e-05,0,2
827,-0.46,0,0.09987199,0,2
828,-0.56,0,0.000101566315,0,2
829,-0.95,0,0.007829726,0,2
830,-1.5,0,2.336502e-05,0,2
831,0.44,1,4.053116e-06,0,2
832,-1.45,0,0.0075742006,0,2
833,-2.64,0,0.031137168,0,2
834,0.23,1,0.00073999166,0,2
835,0.44,1,0.0010645986,0,2
836,0.85,1,0.44715112,0,2
837,0.85,1,0.068531275,0,2
838,-0.97,0,0.023068845,0,2
839,0.49,1,0.36631787,0,2
840,-1.04,0,0.060006917,0,2
841,-1.26,0,0.0,0,2
842,-0.46,0,0.04405439,0,2
843,-1.1,0,0.43733644,0,2
1724,-0.75,0,0.9911574,0,2
1725,0.41,1,0.9993594,0,2
1726,0.02,1,0.9977064,0,2
1727,-0.3,0,0.98600394,0,2
1728,-0.61,0,0.37134415,0,2
1729,0.18,1,0.99999905,0,2
1730,0.45,1,0.9981434,0,2
1731,0.05,1,0.99998844,0,2
1732,0.46,1,0.900128,0,2
1733,0.56,1,0.9998985,0,2
1734,0.95,1,0.9921703,0,2
1735,1.5,1,0.9999767,0,2
1736,-0.44,0,0.9999959,0,2
1737,1.45,1,0.99242574,0,2
1738,2.64,1,0.96886283,0,2
1739,-0.23,0,0.99926007,0,2
1740,-0.44,0,0.99893534,0,2
1741,-0.85,0,0.55284894,0,2
1742,-0.85,0,0.9314687,0,2
1743,0.97,1,0.97693115,0,2
1744,-0.49,0,0.63368213,0,2
1745,1.04,1,0.939993,0,2
1746,1.26,1,1.0,0,2
1747,0.46,1,0.9559456,0,2
1748,1.1,1,0.56266356,0,2
848,-2.17,0,0.0044624805,0,2
849,-1.96,0,0.019447505,0,2
1753,2.17,1,0.9955375,0,2
1754,1.96,1,0.9843688,0,2
862,-3.86,0,0.39621872,0,2
863,-1.39,0,0.32521713,0,2
864,-1.17,0,0.14195502,0,2
865,-0.23,0,0.9093081,0,2
866,-0.76,0,0.19409603,0,2
867,-2.15,0,0.80119866,0,2
868,0.03,1,0.45891064,0,2
869,-0.6,0,0.8638569,0,2
1767,3.86,1,0.6037813,0,2
1768,1.39,1,0.6747829,0,2
1769,1.17,1,0.858045,0,2
1770,0.23,1,0.090691924,0,2
1771,0.76,1,0.805904,0,2
1772,2.15,1,0.2810887,0,2
1773,-0.03,1,0.5410893,0,2
1774,0.6,1,0.13614309,0,2
