FOLD,ID,GNN Classifier Score,Y True,is_train
4,1,0.995,1,1
4,2,0.0,0,1
4,3,0.002,0,1
4,4,0.0,1,1
4,5,0.002,0,1
4,6,0.009,0,1
4,7,0.979,1,1
4,8,0.165,0,1
4,9,1.0,1,1
4,906,0.005,0,1
4,907,1.0,1,1
4,908,0.998,1,1
4,909,1.0,1,1
4,910,0.998,1,1
4,911,0.991,1,1
4,912,0.021,0,1
4,913,0.835,1,1
4,914,0.0,0,1
4,26,0.999,1,1
4,27,0.0,0,1
4,28,1.0,1,1
4,29,0.021,0,1
4,30,1.0,1,1
4,931,0.001,0,1
4,932,1.0,1,1
4,933,0.0,0,1
4,934,0.979,1,1
4,935,0.0,0,1
4,31,0.0,0,1
4,32,0.033,1,1
4,33,0.0,0,1
4,34,0.0,0,1
4,35,0.996,1,1
4,36,0.0,0,1
4,37,0.0,1,1
4,38,0.0,1,1
4,39,0.001,0,1
4,40,0.0,0,1
4,41,0.0,0,1
4,42,0.003,0,1
4,43,0.0,0,1
4,44,0.0,0,1
4,45,0.0,0,1
4,46,0.988,1,1
4,47,0.0,1,1
4,48,0.0,1,1
4,49,0.0,0,1
4,50,0.0,0,1
4,51,0.999,1,1
4,52,0.991,1,1
4,53,0.0,0,1
4,54,0.0,0,1
4,55,0.0,0,1
4,56,0.001,1,1
4,57,0.0,0,1
4,58,0.0,1,1
4,59,0.002,0,1
4,936,1.0,1,1
4,937,0.967,1,1
4,938,1.0,1,1
4,939,1.0,1,1
4,940,0.004,0,1
4,941,1.0,1,1
4,942,1.0,1,1
4,943,1.0,1,1
4,944,0.999,1,1
4,945,1.0,1,1
4,946,1.0,1,1
4,947,0.997,1,1
4,948,1.0,1,1
4,949,1.0,1,1
4,950,1.0,1,1
4,951,0.012,0,1
4,952,1.0,1,1
4,953,1.0,1,1
4,954,1.0,1,1
4,955,1.0,1,1
4,956,0.001,0,1
4,957,0.009,0,1
4,958,1.0,1,1
4,959,1.0,1,1
4,960,1.0,1,1
4,961,0.999,1,1
4,962,1.0,1,1
4,963,1.0,1,1
4,964,0.998,1,1
4,60,0.0,0,1
4,61,0.019,1,1
4,62,0.0,0,1
4,63,0.0,0,1
4,64,0.0,1,1
4,65,0.0,1,1
4,66,0.0,0,1
4,67,0.0,0,1
4,68,0.0,0,1
4,69,0.005,1,1
4,70,0.0,0,1
4,71,0.644,1,1
4,72,0.0,0,1
4,73,0.0,0,1
4,74,0.0,0,1
4,75,0.0,1,1
4,76,0.0,0,1
4,77,0.0,0,1
4,78,0.0,1,1
4,79,0.0,0,1
4,965,1.0,1,1
4,966,0.981,1,1
4,967,1.0,1,1
4,968,1.0,1,1
4,969,1.0,1,1
4,970,1.0,1,1
4,971,1.0,1,1
4,972,1.0,1,1
4,973,1.0,1,1
4,974,0.995,1,1
4,975,1.0,1,1
4,976,0.356,1,1
4,977,1.0,1,1
4,978,1.0,1,1
4,979,1.0,1,1
4,980,1.0,1,1
4,981,1.0,1,1
4,982,1.0,1,1
4,983,1.0,1,1
4,984,1.0,1,1
4,80,0.0,0,1
4,81,0.0,0,1
4,82,0.002,0,1
4,83,0.0,0,1
4,84,0.0,0,1
4,85,0.0,0,1
4,86,0.0,0,1
4,87,0.0,0,1
4,88,0.0,0,1
4,89,0.022,0,1
4,90,0.0,0,1
4,91,0.002,0,1
4,92,0.0,0,1
4,93,0.0,0,1
4,94,0.001,0,1
4,95,0.0,0,1
4,97,0.0,0,1
4,98,0.0,0,1
4,99,0.0,0,1
4,100,0.0,0,1
4,985,1.0,1,1
4,986,1.0,1,1
4,987,0.998,1,1
4,988,1.0,1,1
4,989,1.0,1,1
4,990,1.0,1,1
4,991,1.0,1,1
4,992,1.0,1,1
4,993,1.0,1,1
4,994,0.978,1,1
4,995,1.0,1,1
4,996,0.998,1,1
4,997,1.0,1,1
4,998,1.0,1,1
4,999,0.999,1,1
4,1000,1.0,1,1
4,1002,1.0,1,1
4,1003,1.0,1,1
4,1004,1.0,1,1
4,1005,1.0,1,1
4,101,0.008,0,1
4,102,0.0,0,1
4,103,0.0,0,1
4,104,0.0,0,1
4,105,0.0,0,1
4,106,0.001,0,1
4,107,0.0,0,1
4,108,0.001,0,1
4,109,0.002,0,1
4,110,0.003,0,1
4,111,0.016,0,1
4,112,0.0,0,1
4,113,0.0,0,1
4,114,0.0,0,1
4,115,0.02,0,1
4,116,0.0,0,1
4,117,0.0,0,1
4,118,0.0,0,1
4,119,0.012,0,1
4,120,0.026,0,1
4,121,0.0,0,1
4,122,0.001,0,1
4,123,0.0,0,1
4,124,0.0,0,1
4,125,0.0,0,1
4,1006,0.992,1,1
4,1007,1.0,1,1
4,1008,1.0,1,1
4,1009,1.0,1,1
4,1010,1.0,1,1
4,1011,0.999,1,1
4,1012,1.0,1,1
4,1013,0.999,1,1
4,1014,0.998,1,1
4,1015,0.997,1,1
4,1016,0.984,1,1
4,1017,1.0,1,1
4,1018,1.0,1,1
4,1019,1.0,1,1
4,1020,0.98,1,1
4,1021,1.0,1,1
4,1022,1.0,1,1
4,1023,1.0,1,1
4,1024,0.988,1,1
4,1025,0.974,1,1
4,1026,1.0,1,1
4,1027,0.999,1,1
4,1028,1.0,1,1
4,1029,1.0,1,1
4,1030,1.0,1,1
4,135,0.0,0,1
4,136,0.0,0,1
4,137,0.001,0,1
4,138,0.007,0,1
4,139,0.004,0,1
4,140,0.006,0,1
4,141,0.0,0,1
4,1040,1.0,1,1
4,1041,1.0,1,1
4,1042,0.999,1,1
4,1043,0.993,1,1
4,1044,0.996,1,1
4,1045,0.994,1,1
4,1046,1.0,1,1
4,142,0.996,1,1
4,143,0.091,1,1
4,144,0.001,0,1
4,145,0.0,0,1
4,146,0.085,0,1
4,147,0.0,0,1
4,148,0.997,1,1
4,149,0.021,0,1
4,150,0.0,0,1
4,1047,0.004,1,1
4,1048,0.909,1,1
4,1049,0.999,1,1
4,1050,1.0,1,1
4,1051,0.915,1,1
4,1052,1.0,1,1
4,1053,0.003,0,1
4,1054,0.979,1,1
4,1055,1.0,1,1
4,194,0.0,0,1
4,195,0.15,0,1
4,196,0.002,0,1
4,197,0.0,0,1
4,198,0.0,0,1
4,1099,1.0,1,1
4,1100,0.85,1,1
4,1101,0.998,1,1
4,1102,1.0,1,1
4,1103,1.0,1,1
4,199,1.0,1,1
4,1104,0.0,0,1
4,200,1.0,1,1
4,1105,0.0,0,1
4,201,1.0,1,1
4,1106,0.0,0,1
4,202,0.0,0,1
4,203,0.0,0,1
4,204,0.0,0,1
4,205,0.0,0,1
4,206,0.001,0,1
4,207,0.0,0,1
4,208,0.0,0,1
4,209,0.003,0,1
4,210,0.0,0,1
4,211,0.004,0,1
4,212,0.0,0,1
4,213,0.001,0,1
4,214,0.0,0,1
4,215,0.0,0,1
4,216,0.0,0,1
4,217,0.005,0,1
4,218,0.001,0,1
4,219,0.0,0,1
4,220,0.003,0,1
4,221,0.0,0,1
4,222,0.023,0,1
4,223,0.0,0,1
4,1107,1.0,1,1
4,1108,1.0,1,1
4,1109,1.0,1,1
4,1110,1.0,1,1
4,1111,0.999,1,1
4,1112,1.0,1,1
4,1113,1.0,1,1
4,1114,0.997,1,1
4,1115,1.0,1,1
4,1116,0.996,1,1
4,1117,1.0,1,1
4,1118,0.999,1,1
4,1119,1.0,1,1
4,1120,1.0,1,1
4,1121,1.0,1,1
4,1122,0.995,1,1
4,1123,0.999,1,1
4,1124,1.0,1,1
4,1125,0.997,1,1
4,1126,1.0,1,1
4,1127,0.977,1,1
4,1128,1.0,1,1
4,224,0.971,1,1
4,225,0.0,0,1
4,226,0.0,0,1
4,227,0.0,0,1
4,228,0.0,1,1
4,229,0.0,0,1
4,230,0.0,0,1
4,231,0.0,0,1
4,232,0.0,0,1
4,233,0.0,0,1
4,234,0.005,0,1
4,235,0.958,1,1
4,236,0.004,0,1
4,237,0.004,0,1
4,238,0.0,0,1
4,239,0.0,0,1
4,240,0.0,0,1
4,241,0.998,1,1
4,242,0.961,1,1
4,243,0.978,1,1
4,244,0.979,1,1
4,245,1.0,1,1
4,246,0.0,0,1
4,247,0.0,0,1
4,248,0.0,0,1
4,249,0.0,0,1
4,250,0.004,0,1
4,251,0.001,0,1
4,252,0.001,0,1
4,253,0.526,1,1
4,254,0.0,0,1
4,255,0.002,0,1
4,256,0.001,1,1
4,257,0.013,0,1
4,258,0.0,0,1
4,259,0.0,0,1
4,260,0.001,0,1
4,261,0.495,1,1
4,262,0.988,1,1
4,263,0.002,0,1
4,264,0.003,0,1
4,265,0.007,0,1
4,266,0.0,0,1
4,267,0.009,0,1
4,268,0.98,1,1
4,269,0.0,0,1
4,270,0.001,0,1
4,271,0.002,0,1
4,272,0.002,0,1
4,273,0.001,0,1
4,1129,0.029,1,1
4,1130,1.0,1,1
4,1131,1.0,1,1
4,1132,1.0,1,1
4,1133,1.0,1,1
4,1134,1.0,1,1
4,1135,1.0,1,1
4,1136,1.0,1,1
4,1137,1.0,1,1
4,1138,1.0,1,1
4,1139,0.995,1,1
4,1140,0.078,1,1
4,1141,0.996,1,1
4,1142,0.996,1,1
4,1143,1.0,1,1
4,1144,1.0,1,1
4,1145,1.0,1,1
4,1146,0.002,1,1
4,1147,0.039,1,1
4,1148,0.022,1,1
4,1149,0.021,1,1
4,1150,0.0,1,1
4,1151,1.0,1,1
4,1152,1.0,1,1
4,1153,1.0,1,1
4,1154,1.0,1,1
4,1155,0.996,1,1
4,1156,0.999,1,1
4,1157,0.999,1,1
4,1158,0.474,1,1
4,1159,1.0,1,1
4,1160,0.998,1,1
4,1161,0.999,1,1
4,1162,0.987,1,1
4,1163,1.0,1,1
4,1164,1.0,1,1
4,1165,0.999,1,1
4,1166,0.505,1,1
4,1167,0.012,0,1
4,1168,0.998,1,1
4,1169,0.997,1,1
4,1170,0.993,1,1
4,1171,1.0,1,1
4,1172,0.991,1,1
4,1173,0.02,0,1
4,1174,1.0,1,1
4,1175,0.999,1,1
4,1176,0.998,1,1
4,1177,0.998,1,1
4,1178,0.999,1,1
4,274,0.982,1,1
4,275,1.0,1,1
4,276,0.942,1,1
4,277,0.0,1,1
4,278,1.0,1,1
4,279,1.0,1,1
4,280,0.858,1,1
4,281,0.0,0,1
4,282,0.006,0,1
4,283,0.005,1,1
4,284,0.999,1,1
4,1179,0.018,1,1
4,1180,0.0,0,1
4,1181,0.058,1,1
4,1182,1.0,0,1
4,1183,0.0,0,1
4,1184,0.0,0,1
4,1185,0.142,1,1
4,1186,1.0,1,1
4,1187,0.994,1,1
4,1188,0.995,1,1
4,1189,0.001,0,1
4,285,0.002,0,1
4,286,0.019,0,1
4,287,0.998,1,1
4,288,0.994,1,1
4,289,0.002,1,1
4,290,0.0,0,1
4,291,0.011,0,1
4,292,0.468,1,1
4,293,0.0,0,1
4,294,0.018,1,1
4,295,0.821,1,1
4,296,0.0,0,1
4,297,0.005,1,1
4,298,0.012,0,1
4,299,0.001,0,1
4,300,0.002,0,1
4,301,0.049,1,1
4,302,0.015,1,1
4,303,0.999,1,1
4,304,0.098,0,1
4,305,0.001,0,1
4,306,0.002,0,1
4,307,0.019,0,1
4,308,0.0,1,1
4,309,0.0,0,1
4,310,0.003,1,1
4,311,0.0,0,1
4,312,0.027,0,1
4,313,0.0,1,1
4,314,0.012,0,1
4,315,0.0,0,1
4,316,0.0,0,1
4,317,0.0,0,1
4,318,0.0,1,1
4,1190,0.998,1,1
4,1191,0.981,1,1
4,1192,0.002,0,1
4,1193,0.006,0,1
4,1194,0.998,1,1
4,1195,1.0,1,1
4,1196,0.989,1,1
4,1197,0.532,1,1
4,1198,1.0,1,1
4,1199,0.982,1,1
4,1200,0.179,1,1
4,1201,1.0,1,1
4,1202,0.995,1,1
4,1203,0.988,1,1
4,1204,0.999,1,1
4,1205,0.998,1,1
4,1206,0.951,1,1
4,1207,0.985,1,1
4,1208,0.001,0,1
4,1209,0.913,1,1
4,1210,0.999,1,1
4,1211,0.998,1,1
4,1212,0.985,1,1
4,1213,1.0,1,1
4,1214,1.0,1,1
4,1215,0.997,1,1
4,1216,1.0,1,1
4,1217,0.973,1,1
4,1218,1.0,1,1
4,1219,0.988,1,1
4,1220,1.0,1,1
4,1221,1.0,1,1
4,1222,1.0,1,1
4,1223,1.0,1,1
4,319,0.0,0,1
4,320,0.0,0,1
4,321,0.497,1,1
4,322,0.0,0,1
4,1224,1.0,1,1
4,1225,1.0,1,1
4,1226,0.503,1,1
4,1227,1.0,1,1
4,323,0.0,0,1
4,324,0.0,0,1
4,325,0.001,0,1
4,326,0.0,1,1
4,327,0.001,1,1
4,328,0.003,0,1
4,329,0.0,0,1
4,330,0.012,0,1
4,1228,1.0,1,1
4,1229,1.0,1,1
4,1230,0.999,1,1
4,1231,1.0,1,1
4,1232,0.999,1,1
4,1233,0.997,1,1
4,1234,1.0,1,1
4,1235,0.988,1,1
4,331,0.001,0,1
4,332,0.0,0,1
4,333,0.0,0,1
4,334,0.0,0,1
4,335,0.0,1,1
4,336,0.883,1,1
4,337,0.874,1,1
4,338,0.0,0,1
4,339,0.0,0,1
4,340,0.992,1,1
4,341,0.984,1,1
4,342,0.001,0,1
4,343,0.0,0,1
4,344,0.003,0,1
4,345,0.121,1,1
4,346,0.0,0,1
4,347,0.991,1,1
4,348,0.364,1,1
4,349,0.002,0,1
4,350,0.005,0,1
4,351,0.0,1,1
4,352,0.0,0,1
4,353,0.004,0,1
4,354,0.0,0,1
4,355,0.681,1,1
4,356,0.493,1,1
4,357,0.471,1,1
4,358,0.501,1,1
4,359,0.069,0,1
4,360,0.0,0,1
4,361,0.01,1,1
4,362,0.001,0,1
4,363,0.098,0,1
4,364,0.0,0,1
4,365,0.0,0,1
4,366,0.016,0,1
4,367,0.0,0,1
4,368,0.0,0,1
4,369,0.0,0,1
4,370,0.0,0,1
4,371,0.0,0,1
4,372,0.001,0,1
4,373,0.0,0,1
4,374,0.0,0,1
4,375,0.0,0,1
4,376,0.015,0,1
4,1236,0.999,1,1
4,1237,1.0,1,1
4,1238,1.0,1,1
4,1239,1.0,1,1
4,1240,1.0,1,1
4,1241,0.117,1,1
4,1242,0.126,1,1
4,1243,1.0,1,1
4,1244,1.0,1,1
4,1245,0.001,0,1
4,1246,0.967,1,1
4,1247,0.999,1,1
4,1248,1.0,1,1
4,1249,0.997,1,1
4,1250,0.879,1,1
4,1251,1.0,1,1
4,1252,0.009,1,1
4,1253,0.636,1,1
4,1254,0.998,1,1
4,1255,0.995,1,1
4,1256,1.0,1,1
4,1257,1.0,1,1
4,1258,0.996,1,1
4,1259,1.0,1,1
4,1260,0.319,1,1
4,1261,0.507,1,1
4,1262,0.529,1,1
4,1263,0.499,1,1
4,1264,0.931,1,1
4,1265,1.0,1,1
4,1266,0.99,1,1
4,1267,0.999,1,1
4,1268,0.902,1,1
4,1269,1.0,1,1
4,1270,1.0,1,1
4,1271,0.984,1,1
4,1272,1.0,1,1
4,1273,1.0,1,1
4,1274,1.0,1,1
4,1275,1.0,1,1
4,1276,1.0,1,1
4,1277,0.999,1,1
4,1278,1.0,1,1
4,1279,1.0,1,1
4,1280,1.0,1,1
4,1281,0.985,1,1
4,397,0.0,0,1
4,1302,1.0,1,1
4,414,0.105,1,1
4,415,0.132,1,1
4,416,0.989,1,1
4,1319,0.895,1,1
4,1320,0.868,1,1
4,1321,0.011,0,1
4,417,0.0,0,1
4,418,0.001,0,1
4,419,0.018,0,1
4,420,0.0,1,1
4,421,0.0,0,1
4,422,0.001,0,1
4,423,0.991,1,1
4,424,0.0,1,1
4,425,0.99,1,1
4,426,0.925,1,1
4,427,0.926,1,1
4,428,0.001,0,1
4,1322,1.0,1,1
4,1323,0.999,1,1
4,1324,0.982,1,1
4,1325,1.0,1,1
4,1326,1.0,1,1
4,1327,0.999,1,1
4,1328,0.009,0,1
4,1329,1.0,1,1
4,1330,0.01,0,1
4,1331,0.075,0,1
4,1332,0.074,0,1
4,1333,0.999,1,1
4,429,0.959,1,1
4,430,0.0,0,1
4,431,0.001,0,1
4,432,0.001,0,1
4,433,0.0,0,1
4,434,0.0,0,1
4,435,0.0,0,1
4,436,0.0,0,1
4,437,0.004,0,1
4,438,0.577,1,1
4,439,0.516,1,1
4,440,0.183,1,1
4,441,0.401,1,1
4,442,0.501,1,1
4,443,0.01,0,1
4,444,0.0,1,1
4,445,0.981,1,1
4,446,0.999,1,1
4,447,0.223,1,1
4,448,0.266,1,1
4,449,0.0,0,1
4,450,0.011,1,1
4,451,0.008,0,1
4,452,0.958,1,1
4,453,0.296,1,1
4,454,0.549,1,1
4,455,0.032,0,1
4,456,0.003,0,1
4,457,0.991,1,1
4,458,0.002,0,1
4,459,0.007,1,1
4,460,0.001,1,1
4,464,0.001,0,1
4,465,0.0,0,1
4,466,0.0,1,1
4,467,0.0,0,1
4,468,0.0,1,1
4,469,0.973,1,1
4,470,0.008,0,1
4,471,0.034,1,1
4,472,0.079,1,1
4,1334,0.041,1,1
4,1335,1.0,1,1
4,1336,0.999,1,1
4,1337,0.999,1,1
4,1338,1.0,1,1
4,1339,1.0,1,1
4,1340,1.0,1,1
4,1341,1.0,1,1
4,1342,0.996,1,1
4,1343,0.423,1,1
4,1344,0.484,1,1
4,1345,0.817,1,1
4,1346,0.599,1,1
4,1347,0.499,1,1
4,1348,0.99,1,1
4,1349,1.0,1,1
4,1350,0.019,0,1
4,1351,0.001,0,1
4,1352,0.777,1,1
4,1353,0.734,1,1
4,1354,1.0,1,1
4,1355,0.989,1,1
4,1356,0.992,1,1
4,1357,0.042,1,1
4,1358,0.704,1,1
4,1359,0.451,1,1
4,1360,0.968,1,1
4,1361,0.997,1,1
4,1362,0.009,0,1
4,1363,0.998,1,1
4,1364,0.992,1,1
4,1365,0.999,1,1
4,1369,0.999,1,1
4,1370,1.0,1,1
4,1371,1.0,1,1
4,1372,1.0,1,1
4,1373,1.0,1,1
4,1374,0.027,1,1
4,1375,0.992,1,1
4,1376,0.966,1,1
4,1377,0.921,1,1
4,473,0.0,1,1
4,474,0.0,0,1
4,475,0.0,0,1
4,476,0.0,0,1
4,477,0.999,1,1
4,478,0.0,0,1
4,479,0.0,0,1
4,480,0.001,0,1
4,481,0.041,1,1
4,482,0.015,1,1
4,483,0.0,1,1
4,484,0.003,1,1
4,485,0.006,0,1
4,486,1.0,1,1
4,487,0.587,1,1
4,488,0.0,0,1
4,489,0.196,1,1
4,490,0.0,0,1
4,491,0.0,1,1
4,492,0.002,0,1
4,493,0.0,0,1
4,494,0.039,0,1
4,495,1.0,1,1
4,496,0.0,1,1
4,497,0.0,0,1
4,498,0.995,1,1
4,499,0.0,0,1
4,500,0.977,1,1
4,501,0.542,1,1
4,502,0.02,1,1
4,503,0.0,0,1
4,1378,1.0,1,1
4,1379,1.0,1,1
4,1380,1.0,1,1
4,1381,1.0,1,1
4,1382,0.001,0,1
4,1383,1.0,1,1
4,1384,1.0,1,1
4,1385,0.999,1,1
4,1386,0.959,1,1
4,1387,0.985,1,1
4,1388,1.0,1,1
4,1389,0.997,1,1
4,1390,0.994,1,1
4,1391,0.0,1,1
4,1392,0.413,1,1
4,1393,1.0,1,1
4,1394,0.804,1,1
4,1395,1.0,1,1
4,1396,1.0,1,1
4,1397,0.998,1,1
4,1398,1.0,1,1
4,1399,0.961,1,1
4,1400,0.0,0,1
4,1401,1.0,1,1
4,1402,1.0,1,1
4,1403,0.005,0,1
4,1404,1.0,1,1
4,1405,0.023,0,1
4,1406,0.458,1,1
4,1407,0.98,1,1
4,1408,1.0,1,1
4,504,0.0,1,1
4,505,0.0,0,1
4,506,0.0,0,1
4,507,0.002,1,1
4,508,0.0,0,1
4,509,0.001,0,1
4,510,0.0,1,1
4,511,0.028,1,1
4,512,0.001,0,1
4,513,1.0,1,1
4,514,0.001,0,1
4,515,0.0,0,1
4,516,0.0,1,1
4,517,0.0,1,1
4,518,0.0,0,1
4,519,0.013,0,1
4,520,1.0,1,1
4,521,0.0,1,1
4,522,0.0,0,1
4,1409,1.0,1,1
4,1410,1.0,1,1
4,1411,1.0,1,1
4,1412,0.998,1,1
4,1413,1.0,1,1
4,1414,0.999,1,1
4,1415,1.0,1,1
4,1416,0.972,1,1
4,1417,0.999,1,1
4,1418,0.0,0,1
4,1419,0.999,1,1
4,1420,1.0,1,1
4,1421,1.0,1,1
4,1422,1.0,1,1
4,1423,1.0,1,1
4,1424,0.987,1,1
4,1425,0.0,1,1
4,1426,1.0,1,1
4,1427,1.0,1,1
4,526,0.031,1,1
4,527,0.001,1,1
4,528,0.078,1,1
4,529,0.001,0,1
4,530,0.004,1,1
4,531,0.0,1,1
4,532,0.0,0,1
4,533,0.0,0,1
4,534,0.0,0,1
4,535,0.0,0,1
4,536,0.001,0,1
4,537,0.0,0,1
4,538,0.119,1,1
4,539,0.915,1,1
4,540,0.0,1,1
4,541,0.981,1,1
4,542,0.669,1,1
4,543,0.004,1,1
4,544,0.0,0,1
4,545,0.0,0,1
4,546,0.0,1,1
4,547,0.967,1,1
4,548,0.963,1,1
4,549,1.0,1,1
4,550,1.0,1,1
4,551,0.002,0,1
4,552,0.0,0,1
4,553,0.0,0,1
4,554,0.006,0,1
4,555,0.002,0,1
4,556,0.05,1,1
4,557,0.0,0,1
4,558,0.0,0,1
4,559,0.006,0,1
4,1431,0.969,1,1
4,1432,0.999,1,1
4,1433,0.922,1,1
4,1434,0.999,1,1
4,1435,0.995,1,1
4,1436,1.0,1,1
4,1437,1.0,1,1
4,1438,1.0,1,1
4,1439,1.0,1,1
4,1440,1.0,1,1
4,1441,0.999,1,1
4,1442,1.0,1,1
4,1443,0.881,1,1
4,1444,0.085,1,1
4,1445,1.0,1,1
4,1446,0.019,0,1
4,1447,0.331,1,1
4,1448,0.996,1,1
4,1449,1.0,1,1
4,1450,1.0,1,1
4,1451,1.0,1,1
4,1452,0.033,0,1
4,1453,0.037,0,1
4,1454,0.0,0,1
4,1455,0.0,1,1
4,1456,0.998,1,1
4,1457,1.0,1,1
4,1458,1.0,1,1
4,1459,0.994,1,1
4,1460,0.998,1,1
4,1461,0.95,1,1
4,1462,1.0,1,1
4,1463,1.0,1,1
4,1464,0.994,1,1
4,560,0.01,0,1
4,561,0.0,1,1
4,562,0.417,1,1
4,563,0.0,0,1
4,564,0.0,1,1
4,565,0.0,0,1
4,566,0.0,0,1
4,567,0.0,0,1
4,568,0.0,1,1
4,569,0.001,0,1
4,570,0.484,1,1
4,571,0.002,0,1
4,572,0.506,1,1
4,573,0.976,1,1
4,574,0.353,1,1
4,575,0.002,0,1
4,576,0.007,0,1
4,577,0.137,1,1
4,578,0.001,0,1
4,579,0.154,1,1
4,580,0.0,0,1
4,581,0.978,1,1
4,582,0.011,1,1
4,583,0.998,1,1
4,584,0.0,0,1
4,585,0.001,0,1
4,586,0.001,0,1
4,587,0.0,0,1
4,588,0.001,0,1
4,589,0.711,1,1
4,590,0.0,0,1
4,591,0.996,1,1
4,592,0.002,0,1
4,593,0.0,0,1
4,1465,0.99,1,1
4,1466,1.0,1,1
4,1467,0.583,1,1
4,1468,1.0,1,1
4,1469,1.0,1,1
4,1470,1.0,1,1
4,1471,1.0,1,1
4,1472,1.0,1,1
4,1473,1.0,0,1
4,1474,0.999,1,1
4,1475,0.516,1,1
4,1476,0.998,1,1
4,1477,0.494,0,1
4,1478,0.024,0,1
4,1479,0.647,1,1
4,1480,0.998,1,1
4,1481,0.993,1,1
4,1482,0.863,1,1
4,1483,0.999,1,1
4,1484,0.846,1,1
4,1485,1.0,1,1
4,1486,0.022,0,1
4,1487,0.989,1,1
4,1488,0.002,0,1
4,1489,1.0,1,1
4,1490,0.999,1,1
4,1491,0.999,1,1
4,1492,1.0,1,1
4,1493,0.999,1,1
4,1494,0.289,0,1
4,1495,1.0,1,1
4,1496,0.004,0,1
4,1497,0.998,1,1
4,1498,1.0,1,1
4,594,0.0,0,1
4,595,0.0,0,1
4,596,0.0,0,1
4,597,0.0,0,1
4,598,0.002,0,1
4,599,0.001,1,1
4,600,0.0,0,1
4,601,0.0,0,1
4,602,0.001,1,1
4,603,0.097,1,1
4,604,0.0,0,1
4,605,0.017,0,1
4,606,0.003,0,1
4,607,0.0,0,1
4,608,0.0,0,1
4,609,0.02,1,1
4,610,0.0,1,1
4,611,0.0,0,1
4,612,0.0,0,1
4,613,0.998,1,1
4,614,0.016,0,1
4,615,0.005,1,1
4,616,0.0,1,1
4,617,0.095,1,1
4,618,0.018,1,1
4,619,0.0,0,1
4,620,0.0,0,1
4,621,0.078,0,1
4,622,0.0,0,1
4,623,0.0,0,1
4,624,0.413,1,1
4,625,0.498,1,1
4,626,0.004,0,1
4,627,0.481,1,1
4,628,0.0,0,1
4,1499,1.0,1,1
4,1500,1.0,1,1
4,1501,1.0,1,1
4,1502,1.0,1,1
4,1503,0.998,1,1
4,1504,0.999,1,1
4,1505,1.0,1,1
4,1506,1.0,1,1
4,1507,0.999,1,1
4,1508,0.903,1,1
4,1509,1.0,1,1
4,1510,0.983,1,1
4,1511,0.997,1,1
4,1512,1.0,1,1
4,1513,1.0,1,1
4,1514,0.98,1,1
4,1515,1.0,1,1
4,1516,1.0,1,1
4,1517,1.0,1,1
4,1518,0.002,0,1
4,1519,0.984,1,1
4,1520,0.995,1,1
4,1521,1.0,1,1
4,1522,0.905,1,1
4,1523,0.982,1,1
4,1524,1.0,1,1
4,1525,1.0,1,1
4,1526,0.922,1,1
4,1527,1.0,1,1
4,1528,1.0,1,1
4,1529,0.587,1,1
4,1530,0.502,1,1
4,1531,0.997,1,1
4,1532,0.519,1,1
4,1533,1.0,1,1
4,629,1.0,1,1
4,630,1.0,1,1
4,1534,0.0,0,1
4,1535,0.0,0,1
4,633,0.0,0,1
4,634,0.079,1,1
4,635,0.0,0,1
4,636,0.0,0,1
4,637,0.0,0,1
4,638,0.0,0,1
4,639,0.0,0,1
4,640,0.0,0,1
4,641,0.0,0,1
4,642,0.0,0,1
4,643,0.0,0,1
4,644,0.0,0,1
4,645,1.0,1,1
4,646,0.032,1,1
4,647,0.0,0,1
4,648,0.013,0,1
4,649,0.0,0,1
4,650,0.0,0,1
4,651,0.0,0,1
4,652,0.0,0,1
4,653,0.0,0,1
4,654,0.006,0,1
4,655,0.0,0,1
4,656,0.0,0,1
4,657,0.0,0,1
4,658,0.0,0,1
4,659,0.045,0,1
4,660,0.0,0,1
4,661,0.043,0,1
4,662,0.002,0,1
4,663,0.449,1,1
4,664,0.0,1,1
4,665,0.116,0,1
4,666,0.0,0,1
4,667,0.0,0,1
4,668,0.0,0,1
4,669,0.001,0,1
4,670,0.001,0,1
4,671,0.001,0,1
4,672,0.0,0,1
4,673,0.0,0,1
4,674,0.0,0,1
4,675,0.997,1,1
4,676,0.81,1,1
4,677,0.0,0,1
4,678,0.017,1,1
4,679,0.0,0,1
4,680,0.002,0,1
4,681,0.0,0,1
4,686,0.0,0,1
4,687,0.066,0,1
4,688,0.004,0,1
4,689,0.0,0,1
4,690,0.0,0,1
4,691,0.0,0,1
4,692,0.0,0,1
4,693,0.0,0,1
4,694,0.004,0,1
4,695,0.013,0,1
4,696,0.0,0,1
4,697,0.0,0,1
4,698,0.001,0,1
4,699,0.0,0,1
4,700,0.019,0,1
4,701,0.012,0,1
4,702,0.99,1,1
4,703,0.022,0,1
4,1538,1.0,1,1
4,1539,0.921,1,1
4,1540,1.0,1,1
4,1541,1.0,1,1
4,1542,1.0,1,1
4,1543,1.0,1,1
4,1544,1.0,1,1
4,1545,1.0,1,1
4,1546,1.0,1,1
4,1547,1.0,1,1
4,1548,1.0,1,1
4,1549,1.0,1,1
4,1550,0.0,0,1
4,1551,0.968,1,1
4,1552,1.0,1,1
4,1553,0.987,1,1
4,1554,1.0,1,1
4,1555,1.0,1,1
4,1556,1.0,1,1
4,1557,1.0,1,1
4,1558,1.0,1,1
4,1559,0.994,1,1
4,1560,1.0,1,1
4,1561,1.0,1,1
4,1562,1.0,1,1
4,1563,1.0,1,1
4,1564,0.955,1,1
4,1565,1.0,1,1
4,1566,0.957,1,1
4,1567,0.998,1,1
4,1568,0.551,1,1
4,1569,1.0,1,1
4,1570,0.884,1,1
4,1571,1.0,1,1
4,1572,1.0,1,1
4,1573,1.0,1,1
4,1574,0.999,1,1
4,1575,0.999,1,1
4,1576,0.999,1,1
4,1577,1.0,1,1
4,1578,1.0,1,1
4,1579,1.0,1,1
4,1580,0.003,0,1
4,1581,0.19,1,1
4,1582,1.0,1,1
4,1583,0.983,1,1
4,1584,1.0,1,1
4,1585,0.998,1,1
4,1586,1.0,1,1
4,1591,1.0,1,1
4,1592,0.934,1,1
4,1593,0.996,1,1
4,1594,1.0,1,1
4,1595,1.0,1,1
4,1596,1.0,1,1
4,1597,1.0,1,1
4,1598,1.0,1,1
4,1599,0.996,1,1
4,1600,0.987,1,1
4,1601,1.0,1,1
4,1602,1.0,1,1
4,1603,0.999,1,1
4,1604,1.0,1,1
4,1605,0.981,1,1
4,1606,0.99,1,1
4,1607,0.01,0,1
4,1608,0.978,1,1
4,704,0.0,0,1
4,705,0.0,0,1
4,706,0.016,0,1
4,707,0.0,0,1
4,708,0.0,0,1
4,709,0.0,0,1
4,710,0.0,0,1
4,1609,1.0,1,1
4,1610,1.0,1,1
4,1611,0.984,1,1
4,1612,1.0,1,1
4,1613,1.0,1,1
4,1614,1.0,1,1
4,1615,1.0,1,1
4,711,1.0,1,1
4,1616,0.0,0,1
4,712,0.0,0,1
4,713,0.005,0,1
4,1617,1.0,1,1
4,1618,0.995,1,1
4,714,0.055,1,1
4,715,0.993,1,1
4,716,0.001,0,1
4,717,0.999,1,1
4,718,0.683,1,1
4,719,0.994,1,1
4,720,1.0,1,1
4,721,0.075,1,1
4,722,1.0,1,1
4,1619,0.945,1,1
4,1620,0.007,1,1
4,1621,0.999,1,1
4,1622,0.001,0,1
4,1623,0.317,1,1
4,1624,0.006,0,1
4,1625,0.0,0,1
4,1626,0.925,1,1
4,1627,0.0,1,1
4,791,1.0,1,1
4,792,1.0,1,1
4,793,0.0,0,1
4,794,0.989,1,1
4,795,0.001,0,1
4,796,0.0,0,1
4,797,0.989,1,1
4,798,0.002,0,1
4,799,0.0,0,1
4,800,0.0,0,1
4,801,0.0,1,1
4,802,0.912,1,1
4,803,0.0,1,1
4,804,0.0,1,1
4,805,0.017,0,1
4,806,0.0,0,1
4,807,0.0,1,1
4,808,0.014,1,1
4,809,0.0,1,1
4,810,0.0,0,1
4,811,0.004,0,1
4,812,0.0,0,1
4,813,0.002,0,1
4,814,0.002,0,1
4,815,0.0,0,1
4,816,0.002,0,1
4,817,0.0,0,1
4,818,0.0,0,1
4,1696,0.0,0,1
4,1697,0.0,0,1
4,1698,1.0,1,1
4,1699,0.011,0,1
4,1700,0.999,1,1
4,1701,1.0,1,1
4,1702,0.011,0,1
4,1703,0.998,1,1
4,1704,1.0,1,1
4,1705,1.0,1,1
4,1706,1.0,1,1
4,1707,0.088,1,1
4,1708,1.0,1,1
4,1709,1.0,1,1
4,1710,0.983,1,1
4,1711,1.0,1,1
4,1712,1.0,1,1
4,1713,0.986,1,1
4,1714,1.0,1,1
4,1715,1.0,1,1
4,1716,0.996,1,1
4,1717,1.0,1,1
4,1718,0.998,1,1
4,1719,0.998,1,1
4,1720,1.0,1,1
4,1721,0.998,1,1
4,1722,1.0,1,1
4,1723,1.0,1,1
4,819,0.997,1,1
4,820,0.0,0,1
4,821,0.006,1,1
4,822,1.0,1,1
4,823,1.0,1,1
4,824,0.002,1,1
4,825,0.0,0,1
4,826,0.0,1,1
4,827,0.001,0,1
4,828,0.016,0,1
4,829,0.0,0,1
4,830,0.0,0,1
4,831,1.0,1,1
4,832,0.0,0,1
4,833,0.0,0,1
4,834,0.999,1,1
4,835,1.0,1,1
4,836,1.0,1,1
4,837,1.0,1,1
4,838,0.0,0,1
4,839,0.997,1,1
4,840,0.0,0,1
4,841,0.0,0,1
4,842,0.007,0,1
4,843,0.003,0,1
4,1724,0.003,0,1
4,1725,1.0,1,1
4,1726,0.994,1,1
4,1727,0.0,0,1
4,1728,0.0,0,1
4,1729,0.998,1,1
4,1730,1.0,1,1
4,1731,1.0,1,1
4,1732,0.999,1,1
4,1733,0.984,1,1
4,1734,1.0,1,1
4,1735,1.0,1,1
4,1736,0.0,0,1
4,1737,1.0,1,1
4,1738,1.0,1,1
4,1739,0.001,0,1
4,1740,0.0,0,1
4,1741,0.0,0,1
4,1742,0.0,0,1
4,1743,1.0,1,1
4,1744,0.003,0,1
4,1745,1.0,1,1
4,1746,1.0,1,1
4,1747,0.993,1,1
4,1748,0.997,1,1
4,844,0.007,0,1
4,845,0.984,1,1
4,846,0.006,0,1
4,847,0.022,0,1
4,1749,0.993,1,1
4,1750,0.016,0,1
4,1751,0.994,1,1
4,1752,0.978,1,1
4,848,0.0,0,1
4,849,0.0,0,1
4,1753,1.0,1,1
4,1754,1.0,1,1
4,850,0.0,0,1
4,851,0.031,0,1
4,852,0.0,0,1
4,853,0.004,0,1
4,854,0.0,1,1
4,855,0.001,1,1
4,856,0.016,0,1
4,857,0.0,1,1
4,858,0.0,0,1
4,859,0.001,1,1
4,860,0.0,1,1
4,861,0.0,1,1
4,1755,1.0,1,1
4,1756,0.969,1,1
4,1757,1.0,1,1
4,1758,0.996,1,1
4,1759,1.0,1,1
4,1760,0.999,1,1
4,1761,0.984,1,1
4,1762,1.0,1,1
4,1763,1.0,1,1
4,1764,0.999,1,1
4,1765,1.0,1,1
4,1766,1.0,1,1
4,862,0.001,0,1
4,863,0.0,0,1
4,864,0.009,0,1
4,865,0.02,0,1
4,866,0.026,0,1
4,867,0.0,0,1
4,868,0.201,1,1
4,869,0.002,0,1
4,1767,0.999,1,1
4,1768,1.0,1,1
4,1769,0.991,1,1
4,1770,0.98,1,1
4,1771,0.974,1,1
4,1772,1.0,1,1
4,1773,0.799,1,1
4,1774,0.998,1,1
4,870,0.0,0,1
4,871,0.001,0,1
4,1775,1.0,1,1
4,1776,0.999,1,1
4,872,0.0,0,1
4,873,0.0,0,1
4,1777,1.0,1,1
4,1778,1.0,1,1
4,875,0.0,0,1
4,876,0.314,1,1
4,877,0.988,1,1
4,878,0.01,0,1
4,879,0.012,0,1
4,880,0.0,0,1
4,881,0.997,1,1
4,882,0.796,1,1
4,883,0.0,0,1
4,1780,1.0,1,1
4,1781,0.686,1,1
4,1782,0.012,0,1
4,1783,0.99,1,1
4,1784,0.988,1,1
4,1785,1.0,1,1
4,1786,0.003,0,1
4,1787,0.204,1,1
4,1788,1.0,1,1
4,884,0.969,1,1
4,885,0.001,1,1
4,1789,0.031,0,1
4,1790,0.999,1,1
4,886,0.003,0,1
4,887,0.0,1,1
4,1791,0.997,1,1
4,1792,1.0,1,1
4,888,0.0,0,1
4,889,0.0,0,1
4,890,0.008,0,1
4,891,0.024,0,1
4,892,0.0,0,1
4,893,0.0,0,1
4,894,0.0,0,1
4,895,0.0,0,1
4,896,0.989,1,1
4,897,0.0,0,1
4,898,0.002,0,1
4,899,0.0,1,1
4,900,0.999,1,1
4,901,0.0,0,1
4,902,0.0,0,1
4,903,0.001,0,1
4,904,0.0,0,1
4,905,0.0,0,1
4,1793,1.0,1,1
4,1794,1.0,1,1
4,1795,0.992,1,1
4,1796,0.976,1,1
4,1797,1.0,1,1
4,1798,1.0,1,1
4,1799,1.0,1,1
4,1800,1.0,1,1
4,1801,0.011,0,1
4,1802,1.0,1,1
4,1803,0.997,1,1
4,1804,1.0,1,1
4,1805,0.001,0,1
4,1806,1.0,1,1
4,1807,1.0,1,1
4,1808,0.999,1,1
4,1809,1.0,1,1
4,1810,1.0,1,1
4,10,1.0,0,0
4,11,0.071,0,0
4,12,0.997,0,0
4,13,0.007,1,0
4,14,0.491,0,0
4,15,0.007,0,0
4,16,0.0,0,0
4,17,0.073,0,0
4,18,0.001,0,0
4,19,0.261,1,0
4,20,0.507,1,0
4,21,0.076,0,0
4,22,0.95,0,0
4,23,0.226,0,0
4,24,0.012,0,0
4,25,0.0,0,0
4,915,0.0,1,0
4,916,0.929,1,0
4,917,0.002,1,0
4,918,0.993,1,0
4,919,0.509,1,0
4,920,0.993,1,0
4,921,1.0,1,0
4,922,0.927,1,0
4,923,0.999,1,0
4,924,0.739,1,0
4,925,0.493,1,0
4,926,0.924,1,0
4,927,0.05,1,0
4,928,0.774,1,0
4,929,0.988,1,0
4,930,1.0,1,0
4,126,0.004,1,0
4,127,0.974,1,0
4,128,0.071,0,0
4,129,0.0,0,0
4,130,0.001,0,0
4,131,0.986,0,0
4,132,0.412,1,0
4,133,0.0,0,0
4,134,0.0,0,0
4,1031,0.996,1,0
4,1032,0.026,1,0
4,1033,0.929,1,0
4,1034,1.0,1,0
4,1035,0.999,1,0
4,1036,0.014,1,0
4,1037,0.588,1,0
4,1038,1.0,1,0
4,1039,1.0,1,0
4,151,0.038,0,0
4,152,0.073,0,0
4,153,0.029,0,0
4,154,0.018,0,0
4,155,0.341,1,0
4,156,0.0,1,0
4,157,0.812,1,0
4,158,0.226,0,0
4,159,0.325,1,0
4,160,0.0,0,0
4,161,0.0,0,0
4,162,0.0,0,0
4,163,0.699,0,0
4,164,0.013,0,0
4,165,0.937,0,0
4,166,0.138,1,0
4,167,0.026,1,0
4,168,0.972,0,0
4,169,0.0,0,0
4,170,0.044,1,0
4,171,0.0,0,0
4,172,0.004,1,0
4,173,0.017,0,0
4,174,0.001,1,0
4,175,0.4,1,0
4,176,0.0,0,0
4,177,0.0,0,0
4,178,0.0,0,0
4,179,0.0,0,0
4,180,0.996,1,0
4,181,0.997,1,0
4,182,0.629,0,0
4,183,0.548,0,0
4,184,0.282,0,0
4,185,0.017,0,0
4,186,0.001,0,0
4,187,0.009,0,0
4,188,0.0,0,0
4,189,0.004,0,0
4,190,0.0,0,0
4,191,0.001,0,0
4,192,0.084,0,0
4,193,0.0,0,0
4,1056,0.962,1,0
4,1057,0.927,1,0
4,1058,0.971,1,0
4,1059,0.982,1,0
4,1060,0.659,1,0
4,1061,1.0,0,0
4,1062,0.188,0,0
4,1063,0.774,1,0
4,1064,0.675,1,0
4,1065,1.0,1,0
4,1066,1.0,1,0
4,1067,1.0,1,0
4,1068,0.301,1,0
4,1069,0.987,1,0
4,1070,0.063,1,0
4,1071,0.862,1,0
4,1072,0.974,0,0
4,1073,0.028,1,0
4,1074,1.0,1,0
4,1075,0.956,0,0
4,1076,1.0,1,0
4,1077,0.996,0,0
4,1078,0.983,1,0
4,1079,0.999,0,0
4,1080,0.6,1,0
4,1081,1.0,1,0
4,1082,1.0,1,0
4,1083,1.0,1,0
4,1084,1.0,1,0
4,1085,0.004,0,0
4,1086,0.003,1,0
4,1087,0.371,1,0
4,1088,0.452,1,0
4,1089,0.718,1,0
4,1090,0.983,1,0
4,1091,0.999,1,0
4,1092,0.991,1,0
4,1093,1.0,1,0
4,1094,0.996,1,0
4,1095,1.0,1,0
4,1096,0.999,1,0
4,1097,0.916,1,0
4,1098,1.0,1,0
4,381,0.0,0,0
4,382,0.245,1,0
4,383,0.41,1,0
4,384,0.023,1,0
4,1286,1.0,1,0
4,1287,0.755,0,0
4,1288,0.59,0,0
4,1289,0.977,0,0
4,389,0.002,0,0
4,390,0.969,1,0
4,391,0.963,1,0
4,392,0.987,0,0
4,1294,0.998,1,0
4,1295,0.031,0,0
4,1296,0.037,1,0
4,1297,0.013,1,0
4,398,0.998,1,0
4,399,1.0,0,0
4,400,0.0,0,0
4,401,0.474,1,0
4,402,0.0,1,0
4,403,0.001,1,0
4,404,0.921,1,0
4,405,0.294,1,0
4,406,0.452,1,0
4,407,0.507,1,0
4,408,0.513,0,0
4,409,0.49,1,0
4,410,0.082,0,0
4,411,0.218,1,0
4,412,0.511,0,0
4,413,0.746,0,0
4,1303,0.002,1,0
4,1304,0.0,1,0
4,1305,1.0,1,0
4,1306,0.526,1,0
4,1307,1.0,0,0
4,1308,0.999,1,0
4,1309,0.079,1,0
4,1310,0.706,1,0
4,1311,0.548,0,0
4,1312,0.493,1,0
4,1313,0.487,1,0
4,1314,0.51,0,0
4,1315,0.918,1,0
4,1316,0.782,1,0
4,1317,0.489,1,0
4,1318,0.254,1,0
4,523,0.353,0,0
4,524,0.0,0,0
4,1428,0.647,1,0
4,1429,1.0,1,0
4,723,1.0,1,0
4,724,0.0,1,0
4,725,0.005,0,0
4,726,0.0,0,0
4,727,0.0,1,0
4,728,0.0,1,0
4,729,0.0,0,0
4,730,0.153,1,0
4,731,0.639,1,0
4,732,0.005,0,0
4,733,0.404,1,0
4,734,0.044,0,0
4,735,0.0,0,0
4,736,0.0,0,0
4,737,0.112,1,0
4,738,0.218,1,0
4,739,0.0,1,0
4,740,0.0,1,0
4,741,0.71,1,0
4,742,0.993,1,0
4,743,0.002,0,0
4,744,0.735,1,0
4,745,0.0,0,0
4,746,0.005,1,0
4,747,0.32,0,0
4,748,0.744,1,0
4,749,0.006,0,0
4,750,0.969,1,0
4,751,0.951,0,0
4,752,0.91,1,0
4,753,0.004,1,0
4,754,0.0,0,0
4,755,0.008,0,0
4,756,0.003,0,0
4,757,0.006,0,0
4,758,0.0,0,0
4,759,0.889,1,0
4,760,0.097,1,0
4,761,0.0,0,0
4,762,0.58,1,0
4,763,0.004,0,0
4,1628,0.0,1,0
4,1629,1.0,1,0
4,1630,0.995,1,0
4,1631,1.0,1,0
4,1632,1.0,0,0
4,1633,1.0,0,0
4,1634,1.0,1,0
4,1635,0.847,1,0
4,1636,0.361,1,0
4,1637,0.995,1,0
4,1638,0.596,1,0
4,1639,0.956,1,0
4,1640,1.0,1,0
4,1641,1.0,1,0
4,1642,0.888,1,0
4,1643,0.782,0,0
4,1644,1.0,0,0
4,1645,1.0,0,0
4,1646,0.29,0,0
4,1647,0.007,1,0
4,1648,0.998,1,0
4,1649,0.265,1,0
4,1650,1.0,1,0
4,1651,0.995,1,0
4,1652,0.68,1,0
4,1653,0.256,1,0
4,1654,0.994,1,0
4,1655,0.031,1,0
4,1656,0.049,1,0
4,1657,0.09,1,0
4,1658,0.996,0,0
4,1659,1.0,1,0
4,1660,0.992,1,0
4,1661,0.997,1,0
4,1662,0.994,1,0
4,1663,1.0,1,0
4,1664,0.111,1,0
4,1665,0.903,0,0
4,1666,1.0,1,0
4,1667,0.42,0,0
4,1668,0.996,1,0
4,764,0.001,0,0
4,765,0.0,0,0
4,766,0.0,0,0
4,767,0.0,0,0
4,768,0.005,0,0
4,769,0.007,0,0
4,770,0.001,0,0
4,771,0.0,0,0
4,772,0.0,0,0
4,773,0.108,0,0
4,774,0.001,1,0
4,775,0.277,1,0
4,776,0.005,0,0
4,777,0.0,0,0
4,778,0.068,0,0
4,779,0.232,1,0
4,780,0.002,0,0
4,781,0.001,1,0
4,782,0.964,1,0
4,783,0.009,1,0
4,784,0.0,1,0
4,785,0.024,1,0
4,786,0.024,1,0
4,787,0.001,1,0
4,788,0.0,0,0
4,789,0.0,0,0
4,790,0.135,0,0
4,1669,0.999,1,0
4,1670,1.0,1,0
4,1671,1.0,1,0
4,1672,1.0,1,0
4,1673,0.995,1,0
4,1674,0.993,1,0
4,1675,0.999,1,0
4,1676,1.0,1,0
4,1677,1.0,1,0
4,1678,0.892,1,0
4,1679,0.999,0,0
4,1680,0.723,1,0
4,1681,0.996,1,0
4,1682,1.0,1,0
4,1683,0.932,1,0
4,1684,0.768,1,0
4,1685,0.998,1,0
4,1686,0.999,1,0
4,1687,0.036,1,0
4,1688,0.991,1,0
4,1689,1.0,0,0
4,1690,0.976,1,0
4,1691,0.976,1,0
4,1692,0.999,1,0
4,1693,1.0,1,0
4,1694,1.0,1,0
4,1695,0.865,1,0
4,874,0.003,0,0
4,1779,0.997,1,0
